dataset_id,window_id,parameter,output,step_fraction,fd_grad,source_commit
R52-C-75,R52-C-75__P1__huayi_sy3_phase1_wgs1__plateau_2022-09-28D_008__W003,WGS_CatalyticFactor,CO_mol_s,0.01,88.73071350990358,a2955d2a2f6e850b88d8b206f465d810e1ad86ab
R52-C-75,R52-C-75__P1__huayi_sy3_phase1_wgs1__plateau_2022-09-28D_008__W003,WGS_CatalyticFactor,H2_mol_s,0.01,-128.2517872326423,a2955d2a2f6e850b88d8b206f465d810e1ad86ab
R52-C-75,R52-C-75__P1__huayi_sy3_phase1_wgs1__plateau_2022-09-28D_008__W003,WGS_CatalyticFactor,CO2_mol_s,0.01,-114.21418900440905,a2955d2a2f6e850b88d8b206f465d810e1ad86ab
R52-C-75,R52-C-75__P1__huayi_sy3_phase1_wgs1__plateau_2022-09-28D_008__W003,WGS_CatalyticFactor,CO_mol_s,0.001,88.73048507666681,a2955d2a2f6e850b88d8b206f465d810e1ad86ab
R52-C-75,R52-C-75__P1__huayi_sy3_phase1_wgs1__plateau_2022-09-28D_008__W003,WGS_CatalyticFactor,H2_mol_s,0.001,-128.247830317747,a2955d2a2f6e850b88d8b206f465d810e1ad86ab
R52-C-75,R52-C-75__P1__huayi_sy3_phase1_wgs1__plateau_2022-09-28D_008__W003,WGS_CatalyticFactor,CO2_mol_s,0.001,-114.21143344060525,a2955d2a2f6e850b88d8b206f465d810e1ad86ab
R52-C-75,R52-C-75__P1__huayi_sy3_phase1_wgs1__plateau_2022-09-28D_008__W003,WGS_CatalyticFactor,CO_mol_s,0.0001,88.73048278132954,a2955d2a2f6e850b88d8b206f465d810e1ad86ab
R52-C-75,R52-C-75__P1__huayi_sy3_phase1_wgs1__plateau_2022-09-28D_008__W003,WGS_CatalyticFactor,H2_mol_s,0.0001,-128.24779073952186,a2955d2a2f6e850b88d8b206f465d810e1ad86ab
R52-C-75,R52-C-75__P1__huayi_sy3_phase1_wgs1__plateau_2022-09-28D_008__W003,WGS_CatalyticFactor,CO2_mol_s,0.0001,-114.21140587994925,a2955d2a2f6e850b88d8b206f465d810e1ad86ab
R52-C-75,R52-C-75__P1__huayi_sy3_phase1_wgs1__plateau_2022-09-28D_008__W003,oxygen_flow,CO_mol_s,0.01,2.0302824180237886,a2955d2a2f6e850b88d8b206f465d810e1ad86ab
R52-C-75,R52-C-75__P1__huayi_sy3_phase1_wgs1__plateau_2022-09-28D_008__W003,oxygen_flow,H2_mol_s,0.01,-0.5125952666135531,a2955d2a2f6e850b88d8b206f465d810e1ad86ab
R52-C-75,R52-C-75__P1__huayi_sy3_phase1_wgs1__plateau_2022-09-28D_008__W003,oxygen_flow,CO2_mol_s,0.01,-0.12185903866925438,a2955d2a2f6e850b88d8b206f465d810e1ad86ab
R52-C-75,R52-C-75__P1__huayi_sy3_phase1_wgs1__plateau_2022-09-28D_008__W003,oxygen_flow,CO_mol_s,0.001,2.032664542747537,a2955d2a2f6e850b88d8b206f465d810e1ad86ab
R52-C-75,R52-C-75__P1__huayi_sy3_phase1_wgs1__plateau_2022-09-28D_008__W003,oxygen_flow,H2_mol_s,0.001,-0.5109261189993695,a2955d2a2f6e850b88d8b206f465d810e1ad86ab
R52-C-75,R52-C-75__P1__huayi_sy3_phase1_wgs1__plateau_2022-09-28D_008__W003,oxygen_flow,CO2_mol_s,0.001,-0.12217071893441599,a2955d2a2f6e850b88d8b206f465d810e1ad86ab
R52-C-75,R52-C-75__P1__huayi_sy3_phase1_wgs1__plateau_2022-09-28D_008__W003,oxygen_flow,CO_mol_s,0.0001,2.0326881333790747,a2955d2a2f6e850b88d8b206f465d810e1ad86ab
R52-C-75,R52-C-75__P1__huayi_sy3_phase1_wgs1__plateau_2022-09-28D_008__W003,oxygen_flow,H2_mol_s,0.0001,-0.5109096077438139,a2955d2a2f6e850b88d8b206f465d810e1ad86ab
R52-C-75,R52-C-75__P1__huayi_sy3_phase1_wgs1__plateau_2022-09-28D_008__W003,oxygen_flow,CO2_mol_s,0.0001,-0.12217381671773507,a2955d2a2f6e850b88d8b206f465d810e1ad86ab
R52-C-75,R52-C-75__P1__huayi_sy3_phase1_wgs1__plateau_2022-09-28D_008__W003,coal_mass_flow,CO_mol_s,0.01,5.262847856993474,a2955d2a2f6e850b88d8b206f465d810e1ad86ab
R52-C-75,R52-C-75__P1__huayi_sy3_phase1_wgs1__plateau_2022-09-28D_008__W003,coal_mass_flow,H2_mol_s,0.01,38.393347354474486,a2955d2a2f6e850b88d8b206f465d810e1ad86ab
R52-C-75,R52-C-75__P1__huayi_sy3_phase1_wgs1__plateau_2022-09-28D_008__W003,coal_mass_flow,CO2_mol_s,0.01,2.5119171644580622,a2955d2a2f6e850b88d8b206f465d810e1ad86ab
R52-C-75,R52-C-75__P1__huayi_sy3_phase1_wgs1__plateau_2022-09-28D_008__W003,coal_mass_flow,CO_mol_s,0.001,5.193594902527974,a2955d2a2f6e850b88d8b206f465d810e1ad86ab
R52-C-75,R52-C-75__P1__huayi_sy3_phase1_wgs1__plateau_2022-09-28D_008__W003,coal_mass_flow,H2_mol_s,0.001,38.34473892014421,a2955d2a2f6e850b88d8b206f465d810e1ad86ab
R52-C-75,R52-C-75__P1__huayi_sy3_phase1_wgs1__plateau_2022-09-28D_008__W003,coal_mass_flow,CO2_mol_s,0.001,2.520792769429369,a2955d2a2f6e850b88d8b206f465d810e1ad86ab
R52-C-75,R52-C-75__P1__huayi_sy3_phase1_wgs1__plateau_2022-09-28D_008__W003,coal_mass_flow,CO_mol_s,0.0001,5.192910779485919,a2955d2a2f6e850b88d8b206f465d810e1ad86ab
R52-C-75,R52-C-75__P1__huayi_sy3_phase1_wgs1__plateau_2022-09-28D_008__W003,coal_mass_flow,H2_mol_s,0.0001,38.34425953672518,a2955d2a2f6e850b88d8b206f465d810e1ad86ab
R52-C-75,R52-C-75__P1__huayi_sy3_phase1_wgs1__plateau_2022-09-28D_008__W003,coal_mass_flow,CO2_mol_s,0.0001,2.5208809180176646,a2955d2a2f6e850b88d8b206f465d810e1ad86ab
R52-C-75,R52-C-75__P2__huayi_sy3sy2_phase2_wgs1__plateau_2022-10-03D_011__W001,WGS_CatalyticFactor,CO_mol_s,0.01,-309.71608192606936,a2955d2a2f6e850b88d8b206f465d810e1ad86ab
R52-C-75,R52-C-75__P2__huayi_sy3sy2_phase2_wgs1__plateau_2022-10-03D_011__W001,WGS_CatalyticFactor,H2_mol_s,0.01,433.2173866419282,a2955d2a2f6e850b88d8b206f465d810e1ad86ab
R52-C-75,R52-C-75__P2__huayi_sy3sy2_phase2_wgs1__plateau_2022-10-03D_011__W001,WGS_CatalyticFactor,CO2_mol_s,0.01,298.61002613471754,a2955d2a2f6e850b88d8b206f465d810e1ad86ab
R52-C-75,R52-C-75__P2__huayi_sy3sy2_phase2_wgs1__plateau_2022-10-03D_011__W001,WGS_CatalyticFactor,CO_mol_s,0.001,-317.82346295813113,a2955d2a2f6e850b88d8b206f465d810e1ad86ab
R52-C-75,R52-C-75__P2__huayi_sy3sy2_phase2_wgs1__plateau_2022-10-03D_011__W001,WGS_CatalyticFactor,H2_mol_s,0.001,433.8077501807902,a2955d2a2f6e850b88d8b206f465d810e1ad86ab
R52-C-75,R52-C-75__P2__huayi_sy3sy2_phase2_wgs1__plateau_2022-10-03D_011__W001,WGS_CatalyticFactor,CO2_mol_s,0.001,302.8921988965294,a2955d2a2f6e850b88d8b206f465d810e1ad86ab
R52-C-75,R52-C-75__P2__huayi_sy3sy2_phase2_wgs1__plateau_2022-10-03D_011__W001,WGS_CatalyticFactor,CO_mol_s,0.0001,-317.82341775965506,a2955d2a2f6e850b88d8b206f465d810e1ad86ab
R52-C-75,R52-C-75__P2__huayi_sy3sy2_phase2_wgs1__plateau_2022-10-03D_011__W001,WGS_CatalyticFactor,H2_mol_s,0.0001,433.8075616743708,a2955d2a2f6e850b88d8b206f465d810e1ad86ab
R52-C-75,R52-C-75__P2__huayi_sy3sy2_phase2_wgs1__plateau_2022-10-03D_011__W001,WGS_CatalyticFactor,CO2_mol_s,0.0001,302.8921534252049,a2955d2a2f6e850b88d8b206f465d810e1ad86ab
R52-C-75,R52-C-75__P2__huayi_sy3sy2_phase2_wgs1__plateau_2022-10-03D_011__W001,oxygen_flow,CO_mol_s,0.01,-0.15322908907273744,a2955d2a2f6e850b88d8b206f465d810e1ad86ab
R52-C-75,R52-C-75__P2__huayi_sy3sy2_phase2_wgs1__plateau_2022-10-03D_011__W001,oxygen_flow,H2_mol_s,0.01,-0.6768576458878459,a2955d2a2f6e850b88d8b206f465d810e1ad86ab
R52-C-75,R52-C-75__P2__huayi_sy3sy2_phase2_wgs1__plateau_2022-10-03D_011__W001,oxygen_flow,CO2_mol_s,0.01,0.3392112464949451,a2955d2a2f6e850b88d8b206f465d810e1ad86ab
R52-C-75,R52-C-75__P2__huayi_sy3sy2_phase2_wgs1__plateau_2022-10-03D_011__W001,oxygen_flow,CO_mol_s,0.001,-0.1566004561302223,a2955d2a2f6e850b88d8b206f465d810e1ad86ab
R52-C-75,R52-C-75__P2__huayi_sy3sy2_phase2_wgs1__plateau_2022-10-03D_011__W001,oxygen_flow,H2_mol_s,0.001,-0.6780636043013908,a2955d2a2f6e850b88d8b206f465d810e1ad86ab
R52-C-75,R52-C-75__P2__huayi_sy3sy2_phase2_wgs1__plateau_2022-10-03D_011__W001,oxygen_flow,CO2_mol_s,0.001,0.34194683936189724,a2955d2a2f6e850b88d8b206f465d810e1ad86ab
R52-C-75,R52-C-75__P2__huayi_sy3sy2_phase2_wgs1__plateau_2022-10-03D_011__W001,oxygen_flow,CO_mol_s,0.0001,-0.1566147960166781,a2955d2a2f6e850b88d8b206f465d810e1ad86ab
R52-C-75,R52-C-75__P2__huayi_sy3sy2_phase2_wgs1__plateau_2022-10-03D_011__W001,oxygen_flow,H2_mol_s,0.0001,-0.6780771275671319,a2955d2a2f6e850b88d8b206f465d810e1ad86ab
R52-C-75,R52-C-75__P2__huayi_sy3sy2_phase2_wgs1__plateau_2022-10-03D_011__W001,oxygen_flow,CO2_mol_s,0.0001,0.34196395460803075,a2955d2a2f6e850b88d8b206f465d810e1ad86ab
R52-C-75,R52-C-75__P2__huayi_sy3sy2_phase2_wgs1__plateau_2022-10-03D_011__W001,coal_mass_flow,CO_mol_s,0.01,67.72203739690374,a2955d2a2f6e850b88d8b206f465d810e1ad86ab
R52-C-75,R52-C-75__P2__huayi_sy3sy2_phase2_wgs1__plateau_2022-10-03D_011__W001,coal_mass_flow,H2_mol_s,0.01,36.761957764419115,a2955d2a2f6e850b88d8b206f465d810e1ad86ab
R52-C-75,R52-C-75__P2__huayi_sy3sy2_phase2_wgs1__plateau_2022-10-03D_011__W001,coal_mass_flow,CO2_mol_s,0.01,-6.004978063407661,a2955d2a2f6e850b88d8b206f465d810e1ad86ab
R52-C-75,R52-C-75__P2__huayi_sy3sy2_phase2_wgs1__plateau_2022-10-03D_011__W001,coal_mass_flow,CO_mol_s,0.001,67.74085044135532,a2955d2a2f6e850b88d8b206f465d810e1ad86ab
R52-C-75,R52-C-75__P2__huayi_sy3sy2_phase2_wgs1__plateau_2022-10-03D_011__W001,coal_mass_flow,H2_mol_s,0.001,36.75831818491983,a2955d2a2f6e850b88d8b206f465d810e1ad86ab
R52-C-75,R52-C-75__P2__huayi_sy3sy2_phase2_wgs1__plateau_2022-10-03D_011__W001,coal_mass_flow,CO2_mol_s,0.001,-6.032437233989651,a2955d2a2f6e850b88d8b206f465d810e1ad86ab
R52-C-75,R52-C-75__P2__huayi_sy3sy2_phase2_wgs1__plateau_2022-10-03D_011__W001,coal_mass_flow,CO_mol_s,0.0001,67.7407725040103,a2955d2a2f6e850b88d8b206f465d810e1ad86ab
R52-C-75,R52-C-75__P2__huayi_sy3sy2_phase2_wgs1__plateau_2022-10-03D_011__W001,coal_mass_flow,H2_mol_s,0.0001,36.75830276761004,a2955d2a2f6e850b88d8b206f465d810e1ad86ab
R52-C-75,R52-C-75__P2__huayi_sy3sy2_phase2_wgs1__plateau_2022-10-03D_011__W001,coal_mass_flow,CO2_mol_s,0.0001,-6.032571167281521,a2955d2a2f6e850b88d8b206f465d810e1ad86ab
R52-C-75,R52-C-75__P3__huayi_sy3sy2_phase3_wgs1__plateau_2022-10-09D_014__W004,WGS_CatalyticFactor,CO_mol_s,0.01,-310.3003995326503,a2955d2a2f6e850b88d8b206f465d810e1ad86ab
R52-C-75,R52-C-75__P3__huayi_sy3sy2_phase3_wgs1__plateau_2022-10-09D_014__W004,WGS_CatalyticFactor,H2_mol_s,0.01,400.5614061475171,a2955d2a2f6e850b88d8b206f465d810e1ad86ab
R52-C-75,R52-C-75__P3__huayi_sy3sy2_phase3_wgs1__plateau_2022-10-09D_014__W004,WGS_CatalyticFactor,CO2_mol_s,0.01,291.67490035482757,a2955d2a2f6e850b88d8b206f465d810e1ad86ab
R52-C-75,R52-C-75__P3__huayi_sy3sy2_phase3_wgs1__plateau_2022-10-09D_014__W004,WGS_CatalyticFactor,CO_mol_s,0.001,-310.2963711052098,a2955d2a2f6e850b88d8b206f465d810e1ad86ab
R52-C-75,R52-C-75__P3__huayi_sy3sy2_phase3_wgs1__plateau_2022-10-09D_014__W004,WGS_CatalyticFactor,H2_mol_s,0.001,400.54225988797043,a2955d2a2f6e850b88d8b206f465d810e1ad86ab
R52-C-75,R52-C-75__P3__huayi_sy3sy2_phase3_wgs1__plateau_2022-10-09D_014__W004,WGS_CatalyticFactor,CO2_mol_s,0.001,291.67188501929786,a2955d2a2f6e850b88d8b206f465d810e1ad86ab
R52-C-75,R52-C-75__P3__huayi_sy3sy2_phase3_wgs1__plateau_2022-10-09D_014__W004,WGS_CatalyticFactor,CO_mol_s,0.0001,-310.2963305934736,a2955d2a2f6e850b88d8b206f465d810e1ad86ab
R52-C-75,R52-C-75__P3__huayi_sy3sy2_phase3_wgs1__plateau_2022-10-09D_014__W004,WGS_CatalyticFactor,H2_mol_s,0.0001,400.54206815511856,a2955d2a2f6e850b88d8b206f465d810e1ad86ab
R52-C-75,R52-C-75__P3__huayi_sy3sy2_phase3_wgs1__plateau_2022-10-09D_014__W004,WGS_CatalyticFactor,CO2_mol_s,0.0001,291.6718549627717,a2955d2a2f6e850b88d8b206f465d810e1ad86ab
R52-C-75,R52-C-75__P3__huayi_sy3sy2_phase3_wgs1__plateau_2022-10-09D_014__W004,oxygen_flow,CO_mol_s,0.01,0.0272572766191529,a2955d2a2f6e850b88d8b206f465d810e1ad86ab
R52-C-75,R52-C-75__P3__huayi_sy3sy2_phase3_wgs1__plateau_2022-10-09D_014__W004,oxygen_flow,H2_mol_s,0.01,-0.560640620646002,a2955d2a2f6e850b88d8b206f465d810e1ad86ab
R52-C-75,R52-C-75__P3__huayi_sy3sy2_phase3_wgs1__plateau_2022-10-09D_014__W004,oxygen_flow,CO2_mol_s,0.01,0.22547535690905768,a2955d2a2f6e850b88d8b206f465d810e1ad86ab
R52-C-75,R52-C-75__P3__huayi_sy3sy2_phase3_wgs1__plateau_2022-10-09D_014__W004,oxygen_flow,CO_mol_s,0.001,0.0260992852911786,a2955d2a2f6e850b88d8b206f465d810e1ad86ab
R52-C-75,R52-C-75__P3__huayi_sy3sy2_phase3_wgs1__plateau_2022-10-09D_014__W004,oxygen_flow,H2_mol_s,0.001,-0.5625159595126644,a2955d2a2f6e850b88d8b206f465d810e1ad86ab
R52-C-75,R52-C-75__P3__huayi_sy3sy2_phase3_wgs1__plateau_2022-10-09D_014__W004,oxygen_flow,CO2_mol_s,0.001,0.2272607771731525,a2955d2a2f6e850b88d8b206f465d810e1ad86ab
R52-C-75,R52-C-75__P3__huayi_sy3sy2_phase3_wgs1__plateau_2022-10-09D_014__W004,oxygen_flow,CO_mol_s,0.0001,0.026087718101658913,a2955d2a2f6e850b88d8b206f465d810e1ad86ab
R52-C-75,R52-C-75__P3__huayi_sy3sy2_phase3_wgs1__plateau_2022-10-09D_014__W004,oxygen_flow,H2_mol_s,0.0001,-0.562534693684859,a2955d2a2f6e850b88d8b206f465d810e1ad86ab
R52-C-75,R52-C-75__P3__huayi_sy3sy2_phase3_wgs1__plateau_2022-10-09D_014__W004,oxygen_flow,CO2_mol_s,0.0001,0.22727865132241584,a2955d2a2f6e850b88d8b206f465d810e1ad86ab
R52-C-75,R52-C-75__P3__huayi_sy3sy2_phase3_wgs1__plateau_2022-10-09D_014__W004,coal_mass_flow,CO_mol_s,0.01,63.59404829817946,a2955d2a2f6e850b88d8b206f465d810e1ad86ab
R52-C-75,R52-C-75__P3__huayi_sy3sy2_phase3_wgs1__plateau_2022-10-09D_014__W004,coal_mass_flow,H2_mol_s,0.01,35.16477422184192,a2955d2a2f6e850b88d8b206f465d810e1ad86ab
R52-C-75,R52-C-75__P3__huayi_sy3sy2_phase3_wgs1__plateau_2022-10-09D_014__W004,coal_mass_flow,CO2_mol_s,0.01,-4.472464902348081,a2955d2a2f6e850b88d8b206f465d810e1ad86ab
R52-C-75,R52-C-75__P3__huayi_sy3sy2_phase3_wgs1__plateau_2022-10-09D_014__W004,coal_mass_flow,CO_mol_s,0.001,63.58075742830912,a2955d2a2f6e850b88d8b206f465d810e1ad86ab
R52-C-75,R52-C-75__P3__huayi_sy3sy2_phase3_wgs1__plateau_2022-10-09D_014__W004,coal_mass_flow,H2_mol_s,0.001,35.16344061568499,a2955d2a2f6e850b88d8b206f465d810e1ad86ab
R52-C-75,R52-C-75__P3__huayi_sy3sy2_phase3_wgs1__plateau_2022-10-09D_014__W004,coal_mass_flow,CO2_mol_s,0.001,-4.481921318596204,a2955d2a2f6e850b88d8b206f465d810e1ad86ab
R52-C-75,R52-C-75__P3__huayi_sy3sy2_phase3_wgs1__plateau_2022-10-09D_014__W004,coal_mass_flow,CO_mol_s,0.0001,63.580624188770486,a2955d2a2f6e850b88d8b206f465d810e1ad86ab
R52-C-75,R52-C-75__P3__huayi_sy3sy2_phase3_wgs1__plateau_2022-10-09D_014__W004,coal_mass_flow,H2_mol_s,0.0001,35.16342724998247,a2955d2a2f6e850b88d8b206f465d810e1ad86ab
R52-C-75,R52-C-75__P3__huayi_sy3sy2_phase3_wgs1__plateau_2022-10-09D_014__W004,coal_mass_flow,CO2_mol_s,0.0001,-4.482015768555835,a2955d2a2f6e850b88d8b206f465d810e1ad86ab
R52-C-75,R52-C-75__P4__huayi_sy3sy2_phase4_wgs1__plateau_2022-10-10N_006__W001,WGS_CatalyticFactor,CO_mol_s,0.01,-412.20720957591084,a2955d2a2f6e850b88d8b206f465d810e1ad86ab
R52-C-75,R52-C-75__P4__huayi_sy3sy2_phase4_wgs1__plateau_2022-10-10N_006__W001,WGS_CatalyticFactor,H2_mol_s,0.01,352.81795605430943,a2955d2a2f6e850b88d8b206f465d810e1ad86ab
R52-C-75,R52-C-75__P4__huayi_sy3sy2_phase4_wgs1__plateau_2022-10-10N_006__W001,WGS_CatalyticFactor,CO2_mol_s,0.01,341.47528052638165,a2955d2a2f6e850b88d8b206f465d810e1ad86ab
R52-C-75,R52-C-75__P4__huayi_sy3sy2_phase4_wgs1__plateau_2022-10-10N_006__W001,WGS_CatalyticFactor,CO_mol_s,0.001,-412.2074287158739,a2955d2a2f6e850b88d8b206f465d810e1ad86ab
R52-C-75,R52-C-75__P4__huayi_sy3sy2_phase4_wgs1__plateau_2022-10-10N_006__W001,WGS_CatalyticFactor,H2_mol_s,0.001,352.8026661447825,a2955d2a2f6e850b88d8b206f465d810e1ad86ab
R52-C-75,R52-C-75__P4__huayi_sy3sy2_phase4_wgs1__plateau_2022-10-10N_006__W001,WGS_CatalyticFactor,CO2_mol_s,0.001,341.48088882936634,a2955d2a2f6e850b88d8b206f465d810e1ad86ab
R52-C-75,R52-C-75__P4__huayi_sy3sy2_phase4_wgs1__plateau_2022-10-10N_006__W001,WGS_CatalyticFactor,CO_mol_s,0.0001,-412.2074305143996,a2955d2a2f6e850b88d8b206f465d810e1ad86ab
R52-C-75,R52-C-75__P4__huayi_sy3sy2_phase4_wgs1__plateau_2022-10-10N_006__W001,WGS_CatalyticFactor,H2_mol_s,0.0001,352.8025127167211,a2955d2a2f6e850b88d8b206f465d810e1ad86ab
R52-C-75,R52-C-75__P4__huayi_sy3sy2_phase4_wgs1__plateau_2022-10-10N_006__W001,WGS_CatalyticFactor,CO2_mol_s,0.0001,341.48094546679886,a2955d2a2f6e850b88d8b206f465d810e1ad86ab
R52-C-75,R52-C-75__P4__huayi_sy3sy2_phase4_wgs1__plateau_2022-10-10N_006__W001,oxygen_flow,CO_mol_s,0.01,0.5500603695086486,a2955d2a2f6e850b88d8b206f465d810e1ad86ab
R52-C-75,R52-C-75__P4__huayi_sy3sy2_phase4_wgs1__plateau_2022-10-10N_006__W001,oxygen_flow,H2_mol_s,0.01,-0.0834409104572136,a2955d2a2f6e850b88d8b206f465d810e1ad86ab
R52-C-75,R52-C-75__P4__huayi_sy3sy2_phase4_wgs1__plateau_2022-10-10N_006__W001,oxygen_flow,CO2_mol_s,0.01,-0.11482343459723134,a2955d2a2f6e850b88d8b206f465d810e1ad86ab
R52-C-75,R52-C-75__P4__huayi_sy3sy2_phase4_wgs1__plateau_2022-10-10N_006__W001,oxygen_flow,CO_mol_s,0.001,0.5467989152029872,a2955d2a2f6e850b88d8b206f465d810e1ad86ab
R52-C-75,R52-C-75__P4__huayi_sy3sy2_phase4_wgs1__plateau_2022-10-10N_006__W001,oxygen_flow,H2_mol_s,0.001,-0.08912641657501816,a2955d2a2f6e850b88d8b206f465d810e1ad86ab
R52-C-75,R52-C-75__P4__huayi_sy3sy2_phase4_wgs1__plateau_2022-10-10N_006__W001,oxygen_flow,CO2_mol_s,0.001,-0.11270962213773966,a2955d2a2f6e850b88d8b206f465d810e1ad86ab
R52-C-75,R52-C-75__P4__huayi_sy3sy2_phase4_wgs1__plateau_2022-10-10N_006__W001,oxygen_flow,CO_mol_s,0.0001,0.5467670875719377,a2955d2a2f6e850b88d8b206f465d810e1ad86ab
R52-C-75,R52-C-75__P4__huayi_sy3sy2_phase4_wgs1__plateau_2022-10-10N_006__W001,oxygen_flow,H2_mol_s,0.0001,-0.08918327197562213,a2955d2a2f6e850b88d8b206f465d810e1ad86ab
R52-C-75,R52-C-75__P4__huayi_sy3sy2_phase4_wgs1__plateau_2022-10-10N_006__W001,oxygen_flow,CO2_mol_s,0.0001,-0.11268794230727644,a2955d2a2f6e850b88d8b206f465d810e1ad86ab
R52-C-75,R52-C-75__P4__huayi_sy3sy2_phase4_wgs1__plateau_2022-10-10N_006__W001,coal_mass_flow,CO_mol_s,0.01,1449.5704776888253,a2955d2a2f6e850b88d8b206f465d810e1ad86ab
R52-C-75,R52-C-75__P4__huayi_sy3sy2_phase4_wgs1__plateau_2022-10-10N_006__W001,coal_mass_flow,H2_mol_s,0.01,213.36866478634707,a2955d2a2f6e850b88d8b206f465d810e1ad86ab
R52-C-75,R52-C-75__P4__huayi_sy3sy2_phase4_wgs1__plateau_2022-10-10N_006__W001,coal_mass_flow,CO2_mol_s,0.01,-567.4693201294973,a2955d2a2f6e850b88d8b206f465d810e1ad86ab
R52-C-75,R52-C-75__P4__huayi_sy3sy2_phase4_wgs1__plateau_2022-10-10N_006__W001,coal_mass_flow,CO_mol_s,0.001,56.4684328920419,a2955d2a2f6e850b88d8b206f465d810e1ad86ab
R52-C-75,R52-C-75__P4__huayi_sy3sy2_phase4_wgs1__plateau_2022-10-10N_006__W001,coal_mass_flow,H2_mol_s,0.001,30.234688545623484,a2955d2a2f6e850b88d8b206f465d810e1ad86ab
R52-C-75,R52-C-75__P4__huayi_sy3sy2_phase4_wgs1__plateau_2022-10-10N_006__W001,coal_mass_flow,CO2_mol_s,0.001,2.836776439596153,a2955d2a2f6e850b88d8b206f465d810e1ad86ab
R52-C-75,R52-C-75__P4__huayi_sy3sy2_phase4_wgs1__plateau_2022-10-10N_006__W001,coal_mass_flow,CO_mol_s,0.0001,56.46821255410948,a2955d2a2f6e850b88d8b206f465d810e1ad86ab
R52-C-75,R52-C-75__P4__huayi_sy3sy2_phase4_wgs1__plateau_2022-10-10N_006__W001,coal_mass_flow,H2_mol_s,0.0001,30.23483985655105,a2955d2a2f6e850b88d8b206f465d810e1ad86ab
R52-C-75,R52-C-75__P4__huayi_sy3sy2_phase4_wgs1__plateau_2022-10-10N_006__W001,coal_mass_flow,CO2_mol_s,0.0001,2.8367745359119674,a2955d2a2f6e850b88d8b206f465d810e1ad86ab
