dataset_id,window_id,phase,parameter,output,parameter_base_value,parameter_step,output_base_value,fd_grad,ift_or_ad_grad,abs_error,rel_error,residual_max_abs,status,source_commit
R52-C-75,R52-C-75__P1__huayi_sy3_phase1_wgs1__plateau_2022-09-28D_008__W003,1,WGS_CatalyticFactor,CO_mol_s,0.2,0.0002,1139.9934375700147,88.73048507666681,88.73048276599467,2.310672144290038e-06,2.604146863722791e-08,6.154708863050225,pass,a2955d2a2f6e850b88d8b206f465d810e1ad86ab
R52-C-75,R52-C-75__P1__huayi_sy3_phase1_wgs1__plateau_2022-09-28D_008__W003,1,WGS_CatalyticFactor,H2_mol_s,0.2,0.0002,470.4070824134341,-128.247830317747,-128.24779034640872,3.997133828193e-05,3.1167262777777184e-07,6.154708863050225,pass,a2955d2a2f6e850b88d8b206f465d810e1ad86ab
R52-C-75,R52-C-75__P1__huayi_sy3_phase1_wgs1__plateau_2022-09-28D_008__W003,1,WGS_CatalyticFactor,CO2_mol_s,0.2,0.0002,31.155501644772546,-114.21143344060525,-114.21140560369172,2.7836913531587015e-05,2.437314084326188e-07,6.154708863050225,pass,a2955d2a2f6e850b88d8b206f465d810e1ad86ab
R52-C-75,R52-C-75__P1__huayi_sy3_phase1_wgs1__plateau_2022-09-28D_008__W003,1,oxygen_flow,CO_mol_s,465.4928493765471,0.4654928493765471,1139.9934375700147,2.032664542747537,2.032688371622991,2.382887545371304e-05,1.1722837492638865e-05,6.154708863050225,pass,a2955d2a2f6e850b88d8b206f465d810e1ad86ab
R52-C-75,R52-C-75__P1__huayi_sy3_phase1_wgs1__plateau_2022-09-28D_008__W003,1,oxygen_flow,H2_mol_s,465.4928493765471,0.4654928493765471,470.4070824134341,-0.5109261189993695,-0.5109094409805324,1.6678018837090747e-05,3.2642721162413956e-05,6.154708863050225,pass,a2955d2a2f6e850b88d8b206f465d810e1ad86ab
R52-C-75,R52-C-75__P1__huayi_sy3_phase1_wgs1__plateau_2022-09-28D_008__W003,1,oxygen_flow,CO2_mol_s,465.4928493765471,0.4654928493765471,31.155501644772546,-0.12217071893441599,-0.12217384800570719,3.1290712911996588e-06,2.561162918477847e-05,6.154708863050225,pass,a2955d2a2f6e850b88d8b206f465d810e1ad86ab
R52-C-75,R52-C-75__P1__huayi_sy3_phase1_wgs1__plateau_2022-09-28D_008__W003,1,coal_mass_flow,CO_mol_s,17.373406294137013,0.017373406294137014,1139.9934375700147,5.193594902527974,5.192903870535684,0.0006910319922903696,0.00013305465775815723,6.154708863050225,fail,a2955d2a2f6e850b88d8b206f465d810e1ad86ab
R52-C-75,R52-C-75__P1__huayi_sy3_phase1_wgs1__plateau_2022-09-28D_008__W003,1,coal_mass_flow,H2_mol_s,17.373406294137013,0.017373406294137014,470.4070824134341,38.34473892014421,38.34425469523366,0.000484224910550779,1.2628196831883864e-05,6.154708863050225,pass,a2955d2a2f6e850b88d8b206f465d810e1ad86ab
R52-C-75,R52-C-75__P1__huayi_sy3_phase1_wgs1__plateau_2022-09-28D_008__W003,1,coal_mass_flow,CO2_mol_s,17.373406294137013,0.017373406294137014,31.155501644772546,2.520792769429369,2.520881808256557,8.903882718813705e-05,3.5320508441336384e-05,6.154708863050225,pass,a2955d2a2f6e850b88d8b206f465d810e1ad86ab
R52-C-75,R52-C-75__P2__huayi_sy3sy2_phase2_wgs1__plateau_2022-10-03D_011__W001,2,WGS_CatalyticFactor,CO_mol_s,0.2,0.0002,1535.282195797445,-317.82346295813113,-317.8234178353224,4.5122808728592645e-05,1.4197444175018932e-07,18.667066364905743,pass,a2955d2a2f6e850b88d8b206f465d810e1ad86ab
R52-C-75,R52-C-75__P2__huayi_sy3sy2_phase2_wgs1__plateau_2022-10-03D_011__W001,2,WGS_CatalyticFactor,H2_mol_s,0.2,0.0002,631.876922588281,433.8077501807902,433.807560436508,0.00018974428218143657,4.3739255949752e-07,18.667066364905743,pass,a2955d2a2f6e850b88d8b206f465d810e1ad86ab
R52-C-75,R52-C-75__P2__huayi_sy3sy2_phase2_wgs1__plateau_2022-10-03D_011__W001,2,WGS_CatalyticFactor,CO2_mol_s,0.2,0.0002,219.47701185165715,302.8921988965294,302.89215207187186,4.682465754513032e-05,1.545918241398024e-07,18.667066364905743,pass,a2955d2a2f6e850b88d8b206f465d810e1ad86ab
R52-C-75,R52-C-75__P2__huayi_sy3sy2_phase2_wgs1__plateau_2022-10-03D_011__W001,2,oxygen_flow,CO_mol_s,510.1105930486568,0.5101105930486568,1535.282195797445,-0.1566004561302223,-0.15661494081733526,1.4484687112958916e-05,9.248598529212384e-05,18.667066364905743,pass,a2955d2a2f6e850b88d8b206f465d810e1ad86ab
R52-C-75,R52-C-75__P2__huayi_sy3sy2_phase2_wgs1__plateau_2022-10-03D_011__W001,2,oxygen_flow,H2_mol_s,510.1105930486568,0.5101105930486568,631.876922588281,-0.6780636043013908,-0.6780772640866782,1.365978528744538e-05,2.0144880253202616e-05,18.667066364905743,pass,a2955d2a2f6e850b88d8b206f465d810e1ad86ab
R52-C-75,R52-C-75__P2__huayi_sy3sy2_phase2_wgs1__plateau_2022-10-03D_011__W001,2,oxygen_flow,CO2_mol_s,510.1105930486568,0.5101105930486568,219.47701185165715,0.34194683936189724,0.34196412752889616,1.7288166998918886e-05,5.055549868299571e-05,18.667066364905743,pass,a2955d2a2f6e850b88d8b206f465d810e1ad86ab
R52-C-75,R52-C-75__P2__huayi_sy3sy2_phase2_wgs1__plateau_2022-10-03D_011__W001,2,coal_mass_flow,CO_mol_s,20.370455021971008,0.020370455021971007,1535.282195797445,67.74085044135532,67.74077171727275,7.87240825701474e-05,1.162136023643525e-06,18.667066364905743,pass,a2955d2a2f6e850b88d8b206f465d810e1ad86ab
R52-C-75,R52-C-75__P2__huayi_sy3sy2_phase2_wgs1__plateau_2022-10-03D_011__W001,2,coal_mass_flow,H2_mol_s,20.370455021971008,0.020370455021971007,631.876922588281,36.75831818491983,36.75830260689727,1.5578022562579008e-05,4.237958462683399e-07,18.667066364905743,pass,a2955d2a2f6e850b88d8b206f465d810e1ad86ab
R52-C-75,R52-C-75__P2__huayi_sy3sy2_phase2_wgs1__plateau_2022-10-03D_011__W001,2,coal_mass_flow,CO2_mol_s,20.370455021971008,0.020370455021971007,219.47701185165715,-6.032437233989651,-6.0325725173145415,0.00013528332489087802,2.242547843438121e-05,18.667066364905743,pass,a2955d2a2f6e850b88d8b206f465d810e1ad86ab
R52-C-75,R52-C-75__P3__huayi_sy3sy2_phase3_wgs1__plateau_2022-10-09D_014__W004,3,WGS_CatalyticFactor,CO_mol_s,0.2,0.0002,1522.37054840002,-310.2963711052098,-310.2963303930283,4.0712181487378984e-05,1.3120418180325745e-07,18.521222006251488,pass,a2955d2a2f6e850b88d8b206f465d810e1ad86ab
R52-C-75,R52-C-75__P3__huayi_sy3sy2_phase3_wgs1__plateau_2022-10-09D_014__W004,3,WGS_CatalyticFactor,H2_mol_s,0.2,0.0002,632.8085116601351,400.54225988797043,400.542066473164,0.00019341480640377995,4.828823966237097e-07,18.521222006251488,pass,a2955d2a2f6e850b88d8b206f465d810e1ad86ab
R52-C-75,R52-C-75__P3__huayi_sy3sy2_phase3_wgs1__plateau_2022-10-09D_014__W004,3,WGS_CatalyticFactor,CO2_mol_s,0.2,0.0002,211.76234922326006,291.67188501929786,291.67185457917253,3.0440125328823342e-05,1.0436427675162909e-07,18.521222006251488,pass,a2955d2a2f6e850b88d8b206f465d810e1ad86ab
R52-C-75,R52-C-75__P3__huayi_sy3sy2_phase3_wgs1__plateau_2022-10-09D_014__W004,3,oxygen_flow,CO_mol_s,498.13600170528326,0.49813600170528327,1522.37054840002,0.0260992852911786,0.026087601114882758,1.1684176295840426e-05,0.00044768184896578787,18.521222006251488,pass,a2955d2a2f6e850b88d8b206f465d810e1ad86ab
R52-C-75,R52-C-75__P3__huayi_sy3sy2_phase3_wgs1__plateau_2022-10-09D_014__W004,3,oxygen_flow,H2_mol_s,498.13600170528326,0.49813600170528327,632.8085116601351,-0.5625159595126644,-0.5625348825399956,1.8923027331196884e-05,3.363885141798558e-05,18.521222006251488,pass,a2955d2a2f6e850b88d8b206f465d810e1ad86ab
R52-C-75,R52-C-75__P3__huayi_sy3sy2_phase3_wgs1__plateau_2022-10-09D_014__W004,3,oxygen_flow,CO2_mol_s,498.13600170528326,0.49813600170528327,211.76234922326006,0.2272607771731525,0.2272788314701648,1.8054297012320975e-05,7.943677330412087e-05,18.521222006251488,pass,a2955d2a2f6e850b88d8b206f465d810e1ad86ab
R52-C-75,R52-C-75__P3__huayi_sy3sy2_phase3_wgs1__plateau_2022-10-09D_014__W004,3,coal_mass_flow,CO_mol_s,20.14213931116375,0.02014213931116375,1522.37054840002,63.58075742830912,63.58062284481512,0.000134583494002527,2.1167331036324544e-06,18.521222006251488,pass,a2955d2a2f6e850b88d8b206f465d810e1ad86ab
R52-C-75,R52-C-75__P3__huayi_sy3sy2_phase3_wgs1__plateau_2022-10-09D_014__W004,3,coal_mass_flow,H2_mol_s,20.14213931116375,0.02014213931116375,632.8085116601351,35.16344061568499,35.16342710946154,1.3506223453418897e-05,3.840984618380693e-07,18.521222006251488,pass,a2955d2a2f6e850b88d8b206f465d810e1ad86ab
R52-C-75,R52-C-75__P3__huayi_sy3sy2_phase3_wgs1__plateau_2022-10-09D_014__W004,3,coal_mass_flow,CO2_mol_s,20.14213931116375,0.02014213931116375,211.76234922326006,-4.481921318596204,-4.482016717647101,9.53990508962832e-05,2.1284849411798783e-05,18.521222006251488,pass,a2955d2a2f6e850b88d8b206f465d810e1ad86ab
R52-C-75,R52-C-75__P4__huayi_sy3sy2_phase4_wgs1__plateau_2022-10-10N_006__W001,4,WGS_CatalyticFactor,CO_mol_s,0.2,0.0002,1497.3449877280405,-412.2074287158739,-412.2074309214712,2.205597297688655e-06,5.350697566897669e-09,20.056253699413265,pass,a2955d2a2f6e850b88d8b206f465d810e1ad86ab
R52-C-75,R52-C-75__P4__huayi_sy3sy2_phase4_wgs1__plateau_2022-10-10N_006__W001,4,WGS_CatalyticFactor,H2_mol_s,0.2,0.0002,633.5344807365447,352.8026661447825,352.8025116847275,0.00015446005500052706,4.3780863871686284e-07,20.056253699413265,pass,a2955d2a2f6e850b88d8b206f465d810e1ad86ab
R52-C-75,R52-C-75__P4__huayi_sy3sy2_phase4_wgs1__plateau_2022-10-10N_006__W001,4,WGS_CatalyticFactor,CO2_mol_s,0.2,0.0002,224.15086391238523,341.48088882936634,341.4809454830297,5.6653663364159e-05,1.659057821923902e-07,20.056253699413265,pass,a2955d2a2f6e850b88d8b206f465d810e1ad86ab
R52-C-75,R52-C-75__P4__huayi_sy3sy2_phase4_wgs1__plateau_2022-10-10N_006__W001,4,oxygen_flow,CO_mol_s,499.14371796397086,0.4991437179639709,1497.3449877280405,0.5467989152029872,0.5467667659868307,3.2149216156462934e-05,5.87953181006737e-05,20.056253699413265,pass,a2955d2a2f6e850b88d8b206f465d810e1ad86ab
R52-C-75,R52-C-75__P4__huayi_sy3sy2_phase4_wgs1__plateau_2022-10-10N_006__W001,4,oxygen_flow,H2_mol_s,499.14371796397086,0.4991437179639709,633.5344807365447,-0.08912641657501816,-0.08918384630912979,5.7429734111630326e-05,0.00064394771573954,20.056253699413265,pass,a2955d2a2f6e850b88d8b206f465d810e1ad86ab
R52-C-75,R52-C-75__P4__huayi_sy3sy2_phase4_wgs1__plateau_2022-10-10N_006__W001,4,oxygen_flow,CO2_mol_s,499.14371796397086,0.4991437179639709,224.15086391238523,-0.11270962213773966,-0.11268772337890048,2.1898758839178356e-05,0.0001942936053180661,20.056253699413265,pass,a2955d2a2f6e850b88d8b206f465d810e1ad86ab
R52-C-75,R52-C-75__P4__huayi_sy3sy2_phase4_wgs1__plateau_2022-10-10N_006__W001,4,coal_mass_flow,CO_mol_s,19.718361100605033,0.019718361100605035,1497.3449877280405,56.4684328920419,56.46821032928865,0.00022256275325105435,3.941365854380211e-06,20.056253699413265,pass,a2955d2a2f6e850b88d8b206f465d810e1ad86ab
R52-C-75,R52-C-75__P4__huayi_sy3sy2_phase4_wgs1__plateau_2022-10-10N_006__W001,4,coal_mass_flow,H2_mol_s,19.718361100605033,0.019718361100605035,633.5344807365447,30.234688545623484,30.234841386319786,0.00015284069630183694,5.055118178029935e-06,20.056253699413265,pass,a2955d2a2f6e850b88d8b206f465d810e1ad86ab
R52-C-75,R52-C-75__P4__huayi_sy3sy2_phase4_wgs1__plateau_2022-10-10N_006__W001,4,coal_mass_flow,CO2_mol_s,19.718361100605033,0.019718361100605035,224.15086391238523,2.836776439596153,2.836774515256653,1.924339500192218e-06,6.783543014994052e-07,20.056253699413265,pass,a2955d2a2f6e850b88d8b206f465d810e1ad86ab
