dataset_id,window_id,phase,split_role,configuration,N_cells,selection_reason,o_c_ratio,cell0_cost,cell0_max_abs_scaled_residual,cell0_max_abs_unscaled_residual,cell0_dominant_scaled_name,cell0_dominant_unscaled_name,poor_convergence_count,execution_status,residual_quality_status,wall_time_s,source_commit
R52-C-75,R52-C-75__P1__huayi_sy3_phase1_wgs1__shift_morning_handover_2022-09-28__W001,1,train,reference,1,min_cell0_cost,1.0205929751464395,0.005218903479905665,0.07954034998320585,2503.5709317028522,gas_H2,energy,1,completed,poor,3.2496766500000005,a2955d2a2f6e850b88d8b206f465d810e1ad86ab
R52-C-75,R52-C-75__P1__huayi_sy3_phase1_wgs1__shift_morning_handover_2022-09-28__W001,1,train,refined_first_cv,3,min_cell0_cost,1.0205929751464395,0.009854510695702423,0.10497139863443446,4072.6326265484095,gas_H2,energy,3,completed,poor,1.7270104960000001,a2955d2a2f6e850b88d8b206f465d810e1ad86ab
R52-C-75,R52-C-75__P1__huayi_sy3_phase1_wgs1__shift_morning_handover_2022-09-28__W001,1,train,alt_cell0_init,1,min_cell0_cost,1.0205929751464395,0.005218903479905184,0.07954034588236211,2503.5723366737366,gas_H2,energy,1,completed,poor,5.4781421120000005,a2955d2a2f6e850b88d8b206f465d810e1ad86ab
R52-C-75,R52-C-75__P1__huayi_sy3_phase1_wgs1__shift_morning_handover_2022-09-28__W001,1,train,tighter_tol,1,min_cell0_cost,1.0205929751464395,0.005218903479904635,0.0795403570143869,2503.5702531039715,gas_H2,energy,1,completed,poor,10.504757029,a2955d2a2f6e850b88d8b206f465d810e1ad86ab
R52-C-75,R52-C-75__P1__huayi_sy3_phase1_wgs1__plateau_2022-09-28D_008__W003,1,train,reference,1,phase1_median_oc,0.9762443800778944,0.006690877506200573,0.08975377957482694,2627.909765034914,gas_H2,energy,1,completed,poor,3.4360673499999983,a2955d2a2f6e850b88d8b206f465d810e1ad86ab
R52-C-75,R52-C-75__P1__huayi_sy3_phase1_wgs1__plateau_2022-09-28D_008__W003,1,train,refined_first_cv,3,phase1_median_oc,0.9762443800778944,0.011802879918698796,0.11459735369805493,4076.322016209364,gas_H2,energy,3,completed,poor,1.5378847419999957,a2955d2a2f6e850b88d8b206f465d810e1ad86ab
R52-C-75,R52-C-75__P1__huayi_sy3_phase1_wgs1__plateau_2022-09-28D_008__W003,1,train,alt_cell0_init,1,phase1_median_oc,0.9762443800778944,0.006690877506194081,0.08975379921130272,2627.9041986763477,gas_H2,energy,1,completed,poor,4.286470828999995,a2955d2a2f6e850b88d8b206f465d810e1ad86ab
R52-C-75,R52-C-75__P1__huayi_sy3_phase1_wgs1__plateau_2022-09-28D_008__W003,1,train,tighter_tol,1,phase1_median_oc,0.9762443800778944,0.006690877506193952,0.08975379547600341,2627.90455314517,gas_H2,energy,1,completed,poor,11.013604576999995,a2955d2a2f6e850b88d8b206f465d810e1ad86ab
R52-C-75,R52-C-75__P2__huayi_sy3sy2_phase2_wgs1__plateau_2022-10-03D_011__W001,2,train,reference,1,global_low_oc,0.8089781520722871,0.014029677033370836,0.12620834152989943,4012.056762099266,gas_H2,energy,1,completed,poor,3.215712854000003,a2955d2a2f6e850b88d8b206f465d810e1ad86ab
R52-C-75,R52-C-75__P2__huayi_sy3sy2_phase2_wgs1__plateau_2022-10-03D_011__W001,2,train,refined_first_cv,3,global_low_oc,0.8089781520722871,0.020040842419766357,0.14587347997074712,5515.892215773463,gas_H2,energy,2,completed,poor,1.9390300690000046,a2955d2a2f6e850b88d8b206f465d810e1ad86ab
R52-C-75,R52-C-75__P2__huayi_sy3sy2_phase2_wgs1__plateau_2022-10-03D_011__W001,2,train,alt_cell0_init,1,global_low_oc,0.8089781520722871,0.014029677033373279,0.12620833508244034,4012.0581750273705,gas_H2,energy,1,completed,poor,8.497932408000004,a2955d2a2f6e850b88d8b206f465d810e1ad86ab
R52-C-75,R52-C-75__P2__huayi_sy3sy2_phase2_wgs1__plateau_2022-10-03D_011__W001,2,train,tighter_tol,1,global_low_oc,0.8089781520722871,0.014029677033368815,0.12620836856104972,4012.034134477377,gas_H2,energy,1,completed,poor,5.966310372000002,a2955d2a2f6e850b88d8b206f465d810e1ad86ab
R52-C-75,R52-C-75__P2__huayi_sy3sy2_phase2_wgs1__plateau_2022-10-03N_013__W001,2,train,reference,1,phase2_median_oc,0.8661992046108751,0.011091006224466864,0.11270668509153668,3598.529202193022,gas_H2,energy,1,completed,poor,1.7086140800000038,a2955d2a2f6e850b88d8b206f465d810e1ad86ab
R52-C-75,R52-C-75__P2__huayi_sy3sy2_phase2_wgs1__plateau_2022-10-03N_013__W001,2,train,refined_first_cv,3,phase2_median_oc,0.8661992046108751,0.01649551691102445,0.13268628320875187,5127.7831241339445,gas_H2,energy,2,completed,poor,1.7653604049999956,a2955d2a2f6e850b88d8b206f465d810e1ad86ab
R52-C-75,R52-C-75__P2__huayi_sy3sy2_phase2_wgs1__plateau_2022-10-03N_013__W001,2,train,alt_cell0_init,1,phase2_median_oc,0.8661992046108751,0.011091006224463781,0.1127067056540308,3598.5252068936825,gas_H2,energy,1,completed,poor,3.6344537410000015,a2955d2a2f6e850b88d8b206f465d810e1ad86ab
R52-C-75,R52-C-75__P2__huayi_sy3sy2_phase2_wgs1__plateau_2022-10-03N_013__W001,2,train,tighter_tol,1,phase2_median_oc,0.8661992046108751,0.011091006224457849,0.11270672015117861,3598.5149073004723,gas_H2,energy,1,completed,poor,8.02679194400001,a2955d2a2f6e850b88d8b206f465d810e1ad86ab
R52-C-75,R52-C-75__P3__huayi_sy3sy2_phase3_wgs1__plateau_2022-10-09D_014__W004,3,validation,reference,1,phase3_median_oc,0.909272650702855,0.014764256779412599,0.12898311672182464,3882.0382869541645,gas_H2,energy,1,completed,poor,3.396268988999992,a2955d2a2f6e850b88d8b206f465d810e1ad86ab
R52-C-75,R52-C-75__P3__huayi_sy3sy2_phase3_wgs1__plateau_2022-10-09D_014__W004,3,validation,refined_first_cv,3,phase3_median_oc,0.909272650702855,0.02068242286789959,0.14792652917750007,5256.594178289175,gas_H2,energy,2,completed,poor,1.9539886309999872,a2955d2a2f6e850b88d8b206f465d810e1ad86ab
R52-C-75,R52-C-75__P3__huayi_sy3sy2_phase3_wgs1__plateau_2022-10-09D_014__W004,3,validation,alt_cell0_init,1,phase3_median_oc,0.909272650702855,0.014764256779424619,0.12898306778447105,3882.048548042774,gas_H2,energy,1,completed,poor,11.20535205600001,a2955d2a2f6e850b88d8b206f465d810e1ad86ab
R52-C-75,R52-C-75__P3__huayi_sy3sy2_phase3_wgs1__plateau_2022-10-09D_014__W004,3,validation,tighter_tol,1,phase3_median_oc,0.909272650702855,0.014764256779399645,0.12898316119700462,3882.025484442711,gas_H2,energy,1,completed,poor,11.132579903000007,a2955d2a2f6e850b88d8b206f465d810e1ad86ab
R52-C-75,R52-C-75__P3__huayi_sy3sy2_phase3_wgs1__plateau_2022-10-09D_015__W001,3,validation,reference,1,global_high_oc,1.048992167184456,0.008819891962968986,0.10067906726045392,3037.870881944895,gas_H2,energy,1,completed,poor,2.2638361610000004,a2955d2a2f6e850b88d8b206f465d810e1ad86ab
R52-C-75,R52-C-75__P3__huayi_sy3sy2_phase3_wgs1__plateau_2022-10-09D_015__W001,3,validation,refined_first_cv,3,global_high_oc,1.048992167184456,0.013446437252383795,0.11991525826486082,4459.378352642059,gas_H2,energy,2,completed,poor,1.9573775180000013,a2955d2a2f6e850b88d8b206f465d810e1ad86ab
R52-C-75,R52-C-75__P3__huayi_sy3sy2_phase3_wgs1__plateau_2022-10-09D_015__W001,3,validation,alt_cell0_init,1,global_high_oc,1.048992167184456,0.008819891962964196,0.10067911517225236,3037.8601567447186,gas_H2,energy,1,completed,poor,5.4511484679999995,a2955d2a2f6e850b88d8b206f465d810e1ad86ab
R52-C-75,R52-C-75__P3__huayi_sy3sy2_phase3_wgs1__plateau_2022-10-09D_015__W001,3,validation,tighter_tol,1,global_high_oc,1.048992167184456,0.008819891962963495,0.10067910346105693,3037.8591546714306,gas_H2,energy,1,completed,poor,9.385582440000007,a2955d2a2f6e850b88d8b206f465d810e1ad86ab
R52-C-75,R52-C-75__P4__huayi_sy3sy2_phase4_wgs1__plateau_2022-10-10N_006__W001,4,test,reference,1,global_median_oc,0.9277160365942164,0.013925062936284666,0.12548348179884522,4032.3273104429245,gas_H2,energy,1,completed,poor,2.199811756999992,a2955d2a2f6e850b88d8b206f465d810e1ad86ab
R52-C-75,R52-C-75__P4__huayi_sy3sy2_phase4_wgs1__plateau_2022-10-10N_006__W001,4,test,refined_first_cv,3,global_median_oc,0.9277160365942164,0.019747447535779693,0.14433656628820254,5504.6362627744675,gas_H2,energy,1,completed,poor,1.9807307620000074,a2955d2a2f6e850b88d8b206f465d810e1ad86ab
R52-C-75,R52-C-75__P4__huayi_sy3sy2_phase4_wgs1__plateau_2022-10-10N_006__W001,4,test,alt_cell0_init,1,global_median_oc,0.9277160365942164,0.013925062936284618,0.12548349206560552,4032.326868325472,gas_H2,energy,1,completed,poor,3.1187508379999827,a2955d2a2f6e850b88d8b206f465d810e1ad86ab
R52-C-75,R52-C-75__P4__huayi_sy3sy2_phase4_wgs1__plateau_2022-10-10N_006__W001,4,test,tighter_tol,1,global_median_oc,0.9277160365942164,0.013925062936276135,0.12548351806839164,4032.31539028883,gas_H2,energy,1,completed,poor,6.066223906999994,a2955d2a2f6e850b88d8b206f465d810e1ad86ab
R52-C-75,R52-C-75__P4__huayi_sy3sy2_phase4_wgs1__shift_evening_handover_2022-10-11__W001,4,test,reference,1,max_cell0_cost,0.8993278999171395,0.015841905685236544,0.133580226463013,4331.434801310301,gas_H2,energy,1,completed,poor,2.731153586000005,a2955d2a2f6e850b88d8b206f465d810e1ad86ab
R52-C-75,R52-C-75__P4__huayi_sy3sy2_phase4_wgs1__shift_evening_handover_2022-10-11__W001,4,test,refined_first_cv,3,max_cell0_cost,0.8993278999171395,0.02197566223941362,0.1523644496310293,5883.615514993668,gas_H2,energy,1,completed,poor,3.2504495919999954,a2955d2a2f6e850b88d8b206f465d810e1ad86ab
R52-C-75,R52-C-75__P4__huayi_sy3sy2_phase4_wgs1__shift_evening_handover_2022-10-11__W001,4,test,alt_cell0_init,1,max_cell0_cost,0.8993278999171395,0.015841905685227416,0.1335802921259546,4331.419811308384,gas_H2,energy,1,completed,poor,3.2311409579999975,a2955d2a2f6e850b88d8b206f465d810e1ad86ab
R52-C-75,R52-C-75__P4__huayi_sy3sy2_phase4_wgs1__shift_evening_handover_2022-10-11__W001,4,test,tighter_tol,1,max_cell0_cost,0.8993278999171395,0.01584190568522586,0.13358026928065325,4331.425523877144,gas_H2,energy,1,completed,poor,5.736425372000014,a2955d2a2f6e850b88d8b206f465d810e1ad86ab
R52-C-75,R52-C-75__P4__huayi_sy3sy2_phase4_wgs1__plateau_2022-10-11N_009__W002,4,test,reference,1,phase4_median_oc,0.9154438248009292,0.014773703756125562,0.12913358717751858,4199.707809597254,gas_H2,energy,1,completed,poor,2.5703829139999925,a2955d2a2f6e850b88d8b206f465d810e1ad86ab
R52-C-75,R52-C-75__P4__huayi_sy3sy2_phase4_wgs1__plateau_2022-10-11N_009__W002,4,test,refined_first_cv,3,phase4_median_oc,0.9154438248009292,0.02073606403422975,0.1476632178230699,5735.06663736701,gas_H2,energy,1,completed,poor,2.3087019920000103,a2955d2a2f6e850b88d8b206f465d810e1ad86ab
R52-C-75,R52-C-75__P4__huayi_sy3sy2_phase4_wgs1__plateau_2022-10-11N_009__W002,4,test,alt_cell0_init,1,phase4_median_oc,0.9154438248009292,0.014773703756111747,0.1291336790973147,4199.685758769512,gas_H2,energy,1,completed,poor,4.001491821000002,a2955d2a2f6e850b88d8b206f465d810e1ad86ab
R52-C-75,R52-C-75__P4__huayi_sy3sy2_phase4_wgs1__plateau_2022-10-11N_009__W002,4,test,tighter_tol,1,phase4_median_oc,0.9154438248009292,0.014773703756105717,0.1291336633572746,4199.691124230623,gas_H2,energy,1,completed,poor,10.918020215000013,a2955d2a2f6e850b88d8b206f465d810e1ad86ab
