dataset_id,window_id,configuration,residual_name,residual_index,scaled_value,unscaled_value,is_dominant_scaled,is_dominant_unscaled,execution_status,source_commit
R52-C-75,R52-C-75__P1__huayi_sy3_phase1_wgs1__shift_morning_handover_2022-09-28__W001,reference,gas_O2,0,0.005578357983881321,3.4731754365959056,False,False,completed,a2955d2a2f6e850b88d8b206f465d810e1ad86ab
R52-C-75,R52-C-75__P1__huayi_sy3_phase1_wgs1__shift_morning_handover_2022-09-28__W001,reference,gas_CH4,1,0.005809674910327491,3.6171970768927704,False,False,completed,a2955d2a2f6e850b88d8b206f465d810e1ad86ab
R52-C-75,R52-C-75__P1__huayi_sy3_phase1_wgs1__shift_morning_handover_2022-09-28__W001,reference,gas_CO,2,0.009716491588555667,6.049644001474007,False,False,completed,a2955d2a2f6e850b88d8b206f465d810e1ad86ab
R52-C-75,R52-C-75__P1__huayi_sy3_phase1_wgs1__shift_morning_handover_2022-09-28__W001,reference,gas_CO2,3,-0.06211760779908292,-38.67542208859126,False,False,completed,a2955d2a2f6e850b88d8b206f465d810e1ad86ab
R52-C-75,R52-C-75__P1__huayi_sy3_phase1_wgs1__shift_morning_handover_2022-09-28__W001,reference,gas_H2S,4,0.0058501225643913645,3.642380437116065,False,False,completed,a2955d2a2f6e850b88d8b206f465d810e1ad86ab
R52-C-75,R52-C-75__P1__huayi_sy3_phase1_wgs1__shift_morning_handover_2022-09-28__W001,reference,gas_H2,5,0.07954034998320585,49.523101704508576,True,False,completed,a2955d2a2f6e850b88d8b206f465d810e1ad86ab
R52-C-75,R52-C-75__P1__huayi_sy3_phase1_wgs1__shift_morning_handover_2022-09-28__W001,reference,gas_N2,6,5.090273271405266e-05,0.0003047421834816433,False,False,completed,a2955d2a2f6e850b88d8b206f465d810e1ad86ab
R52-C-75,R52-C-75__P1__huayi_sy3_phase1_wgs1__shift_morning_handover_2022-09-28__W001,reference,gas_H2O,7,0.00765482785703507,4.766018990040834,False,False,completed,a2955d2a2f6e850b88d8b206f465d810e1ad86ab
R52-C-75,R52-C-75__P1__huayi_sy3_phase1_wgs1__shift_morning_handover_2022-09-28__W001,reference,solid_mass,8,0.00033012933738598777,0.005889892452139556,False,False,completed,a2955d2a2f6e850b88d8b206f465d810e1ad86ab
R52-C-75,R52-C-75__P1__huayi_sy3_phase1_wgs1__shift_morning_handover_2022-09-28__W001,reference,carbon_fraction,9,-2.8420434991167554e-14,-2.398081733190338e-14,False,False,completed,a2955d2a2f6e850b88d8b206f465d810e1ad86ab
R52-C-75,R52-C-75__P1__huayi_sy3_phase1_wgs1__shift_morning_handover_2022-09-28__W001,reference,energy,10,-0.0005744358296907619,-2503.5709317028522,False,True,completed,a2955d2a2f6e850b88d8b206f465d810e1ad86ab
R52-C-75,R52-C-75__P1__huayi_sy3_phase1_wgs1__shift_morning_handover_2022-09-28__W001,refined_first_cv,gas_O2,0,0.016966698685021594,10.563739595632725,False,False,completed,a2955d2a2f6e850b88d8b206f465d810e1ad86ab
R52-C-75,R52-C-75__P1__huayi_sy3_phase1_wgs1__shift_morning_handover_2022-09-28__W001,refined_first_cv,gas_CH4,1,0.011820794633359059,7.359816935423992,False,False,completed,a2955d2a2f6e850b88d8b206f465d810e1ad86ab
R52-C-75,R52-C-75__P1__huayi_sy3_phase1_wgs1__shift_morning_handover_2022-09-28__W001,refined_first_cv,gas_CO,2,0.010669369513188432,6.64292112916496,False,False,completed,a2955d2a2f6e850b88d8b206f465d810e1ad86ab
R52-C-75,R52-C-75__P1__huayi_sy3_phase1_wgs1__shift_morning_handover_2022-09-28__W001,refined_first_cv,gas_CO2,3,-0.08951429054323144,-55.733037577976084,False,False,completed,a2955d2a2f6e850b88d8b206f465d810e1ad86ab
R52-C-75,R52-C-75__P1__huayi_sy3_phase1_wgs1__shift_morning_handover_2022-09-28__W001,refined_first_cv,gas_H2S,4,0.010798376483206367,6.723242944421464,False,False,completed,a2955d2a2f6e850b88d8b206f465d810e1ad86ab
R52-C-75,R52-C-75__P1__huayi_sy3_phase1_wgs1__shift_morning_handover_2022-09-28__W001,refined_first_cv,gas_H2,5,0.10497139863443446,65.35688178057079,True,False,completed,a2955d2a2f6e850b88d8b206f465d810e1ad86ab
R52-C-75,R52-C-75__P1__huayi_sy3_phase1_wgs1__shift_morning_handover_2022-09-28__W001,refined_first_cv,gas_N2,6,9.021607465665978e-05,0.0005401015252060049,False,False,completed,a2955d2a2f6e850b88d8b206f465d810e1ad86ab
R52-C-75,R52-C-75__P1__huayi_sy3_phase1_wgs1__shift_morning_handover_2022-09-28__W001,refined_first_cv,gas_H2O,7,0.0037000112445071615,2.303686534045198,False,False,completed,a2955d2a2f6e850b88d8b206f465d810e1ad86ab
R52-C-75,R52-C-75__P1__huayi_sy3_phase1_wgs1__shift_morning_handover_2022-09-28__W001,refined_first_cv,solid_mass,8,0.0021463432482769383,0.03829326711108472,False,False,completed,a2955d2a2f6e850b88d8b206f465d810e1ad86ab
R52-C-75,R52-C-75__P1__huayi_sy3_phase1_wgs1__shift_morning_handover_2022-09-28__W001,refined_first_cv,carbon_fraction,9,2.588989064878451e-06,2.1845574798007306e-06,False,False,completed,a2955d2a2f6e850b88d8b206f465d810e1ad86ab
R52-C-75,R52-C-75__P1__huayi_sy3_phase1_wgs1__shift_morning_handover_2022-09-28__W001,refined_first_cv,energy,10,-0.0009344516954691471,-4072.6326265484095,False,True,completed,a2955d2a2f6e850b88d8b206f465d810e1ad86ab
R52-C-75,R52-C-75__P1__huayi_sy3_phase1_wgs1__shift_morning_handover_2022-09-28__W001,alt_cell0_init,gas_O2,0,0.005578361181709839,3.4731774276153935,False,False,completed,a2955d2a2f6e850b88d8b206f465d810e1ad86ab
R52-C-75,R52-C-75__P1__huayi_sy3_phase1_wgs1__shift_morning_handover_2022-09-28__W001,alt_cell0_init,gas_CH4,1,0.0058096665768845425,3.6171918883571053,False,False,completed,a2955d2a2f6e850b88d8b206f465d810e1ad86ab
R52-C-75,R52-C-75__P1__huayi_sy3_phase1_wgs1__shift_morning_handover_2022-09-28__W001,alt_cell0_init,gas_CO,2,0.009716487276007508,6.049641316412135,False,False,completed,a2955d2a2f6e850b88d8b206f465d810e1ad86ab
R52-C-75,R52-C-75__P1__huayi_sy3_phase1_wgs1__shift_morning_handover_2022-09-28__W001,alt_cell0_init,gas_CO2,3,-0.062117616743215184,-38.67542765735192,False,False,completed,a2955d2a2f6e850b88d8b206f465d810e1ad86ab
R52-C-75,R52-C-75__P1__huayi_sy3_phase1_wgs1__shift_morning_handover_2022-09-28__W001,alt_cell0_init,gas_H2S,4,0.005850105707935478,3.642369942015409,False,False,completed,a2955d2a2f6e850b88d8b206f465d810e1ad86ab
R52-C-75,R52-C-75__P1__huayi_sy3_phase1_wgs1__shift_morning_handover_2022-09-28__W001,alt_cell0_init,gas_H2,5,0.07954034588236211,49.523099151257284,True,False,completed,a2955d2a2f6e850b88d8b206f465d810e1ad86ab
R52-C-75,R52-C-75__P1__huayi_sy3_phase1_wgs1__shift_morning_handover_2022-09-28__W001,alt_cell0_init,gas_N2,6,5.0902723228239214e-05,0.0003047421266924033,False,False,completed,a2955d2a2f6e850b88d8b206f465d810e1ad86ab
R52-C-75,R52-C-75__P1__huayi_sy3_phase1_wgs1__shift_morning_handover_2022-09-28__W001,alt_cell0_init,gas_H2O,7,0.007654820262614498,4.766014261632392,False,False,completed,a2955d2a2f6e850b88d8b206f465d810e1ad86ab
R52-C-75,R52-C-75__P1__huayi_sy3_phase1_wgs1__shift_morning_handover_2022-09-28__W001,alt_cell0_init,solid_mass,8,0.00033012822907829817,0.005889872678637609,False,False,completed,a2955d2a2f6e850b88d8b206f465d810e1ad86ab
R52-C-75,R52-C-75__P1__huayi_sy3_phase1_wgs1__shift_morning_handover_2022-09-28__W001,alt_cell0_init,carbon_fraction,9,-1.4420739236259093e-13,-1.2168044349891716e-13,False,False,completed,a2955d2a2f6e850b88d8b206f465d810e1ad86ab
R52-C-75,R52-C-75__P1__huayi_sy3_phase1_wgs1__shift_morning_handover_2022-09-28__W001,alt_cell0_init,energy,10,-0.0005744361520565498,-2503.5723366737366,False,True,completed,a2955d2a2f6e850b88d8b206f465d810e1ad86ab
R52-C-75,R52-C-75__P1__huayi_sy3_phase1_wgs1__shift_morning_handover_2022-09-28__W001,tighter_tol,gas_O2,0,0.005578340515814645,3.4731645606965316,False,False,completed,a2955d2a2f6e850b88d8b206f465d810e1ad86ab
R52-C-75,R52-C-75__P1__huayi_sy3_phase1_wgs1__shift_morning_handover_2022-09-28__W001,tighter_tol,gas_CH4,1,0.005809646947377628,3.617179666710261,False,False,completed,a2955d2a2f6e850b88d8b206f465d810e1ad86ab
R52-C-75,R52-C-75__P1__huayi_sy3_phase1_wgs1__shift_morning_handover_2022-09-28__W001,tighter_tol,gas_CO,2,0.009716496471501015,6.049647041674348,False,False,completed,a2955d2a2f6e850b88d8b206f465d810e1ad86ab
R52-C-75,R52-C-75__P1__huayi_sy3_phase1_wgs1__shift_morning_handover_2022-09-28__W001,tighter_tol,gas_CO2,3,-0.06211760552090687,-38.6754206701622,False,False,completed,a2955d2a2f6e850b88d8b206f465d810e1ad86ab
R52-C-75,R52-C-75__P1__huayi_sy3_phase1_wgs1__shift_morning_handover_2022-09-28__W001,tighter_tol,gas_H2S,4,0.005850080721370403,3.6423543849779594,False,False,completed,a2955d2a2f6e850b88d8b206f465d810e1ad86ab
R52-C-75,R52-C-75__P1__huayi_sy3_phase1_wgs1__shift_morning_handover_2022-09-28__W001,tighter_tol,gas_H2,5,0.0795403570143869,49.52310608223503,True,False,completed,a2955d2a2f6e850b88d8b206f465d810e1ad86ab
R52-C-75,R52-C-75__P1__huayi_sy3_phase1_wgs1__shift_morning_handover_2022-09-28__W001,tighter_tol,gas_N2,6,5.09027809245175e-05,0.0003047424721058789,False,False,completed,a2955d2a2f6e850b88d8b206f465d810e1ad86ab
R52-C-75,R52-C-75__P1__huayi_sy3_phase1_wgs1__shift_morning_handover_2022-09-28__W001,tighter_tol,gas_H2O,7,0.007654833003648823,4.766022194405366,False,False,completed,a2955d2a2f6e850b88d8b206f465d810e1ad86ab
R52-C-75,R52-C-75__P1__huayi_sy3_phase1_wgs1__shift_morning_handover_2022-09-28__W001,tighter_tol,solid_mass,8,0.0003301298849534544,0.00588990222138186,False,False,completed,a2955d2a2f6e850b88d8b206f465d810e1ad86ab
R52-C-75,R52-C-75__P1__huayi_sy3_phase1_wgs1__shift_morning_handover_2022-09-28__W001,tighter_tol,carbon_fraction,9,0.0,0.0,False,False,completed,a2955d2a2f6e850b88d8b206f465d810e1ad86ab
R52-C-75,R52-C-75__P1__huayi_sy3_phase1_wgs1__shift_morning_handover_2022-09-28__W001,tighter_tol,energy,10,-0.0005744356739885583,-2503.5702531039715,False,True,completed,a2955d2a2f6e850b88d8b206f465d810e1ad86ab
R52-C-75,R52-C-75__P1__huayi_sy3_phase1_wgs1__plateau_2022-09-28D_008__W003,reference,gas_O2,0,0.0062462684787135325,3.6054157070378174,False,False,completed,a2955d2a2f6e850b88d8b206f465d810e1ad86ab
R52-C-75,R52-C-75__P1__huayi_sy3_phase1_wgs1__plateau_2022-09-28D_008__W003,reference,gas_CH4,1,0.006401876537582534,3.695234411036835,False,False,completed,a2955d2a2f6e850b88d8b206f465d810e1ad86ab
R52-C-75,R52-C-75__P1__huayi_sy3_phase1_wgs1__plateau_2022-09-28D_008__W003,reference,gas_CO,2,0.011461715237321693,6.615829640858692,False,False,completed,a2955d2a2f6e850b88d8b206f465d810e1ad86ab
R52-C-75,R52-C-75__P1__huayi_sy3_phase1_wgs1__plateau_2022-09-28D_008__W003,reference,gas_CO2,3,-0.07082887201507107,-40.88321348100354,False,False,completed,a2955d2a2f6e850b88d8b206f465d810e1ad86ab
R52-C-75,R52-C-75__P1__huayi_sy3_phase1_wgs1__plateau_2022-09-28D_008__W003,reference,gas_H2S,4,0.006522351119903029,3.7647736812230876,False,False,completed,a2955d2a2f6e850b88d8b206f465d810e1ad86ab
R52-C-75,R52-C-75__P1__huayi_sy3_phase1_wgs1__plateau_2022-09-28D_008__W003,reference,gas_H2,5,0.08975377957482694,51.8068808197849,True,False,completed,a2955d2a2f6e850b88d8b206f465d810e1ad86ab
R52-C-75,R52-C-75__P1__huayi_sy3_phase1_wgs1__plateau_2022-09-28D_008__W003,reference,gas_N2,6,5.986965046813593e-05,0.0003490277287454546,False,False,completed,a2955d2a2f6e850b88d8b206f465d810e1ad86ab
R52-C-75,R52-C-75__P1__huayi_sy3_phase1_wgs1__plateau_2022-09-28D_008__W003,reference,gas_H2O,7,0.007405628662499811,4.274611312539264,False,False,completed,a2955d2a2f6e850b88d8b206f465d810e1ad86ab
R52-C-75,R52-C-75__P1__huayi_sy3_phase1_wgs1__plateau_2022-09-28D_008__W003,reference,solid_mass,8,0.00032116220426157694,0.005579681460956998,False,False,completed,a2955d2a2f6e850b88d8b206f465d810e1ad86ab
R52-C-75,R52-C-75__P1__huayi_sy3_phase1_wgs1__plateau_2022-09-28D_008__W003,reference,carbon_fraction,9,-2.7999391509816924e-13,-2.362554596402333e-13,False,False,completed,a2955d2a2f6e850b88d8b206f465d810e1ad86ab
R52-C-75,R52-C-75__P1__huayi_sy3_phase1_wgs1__plateau_2022-09-28D_008__W003,reference,energy,10,-0.0006503957722029707,-2627.909765034914,False,True,completed,a2955d2a2f6e850b88d8b206f465d810e1ad86ab
R52-C-75,R52-C-75__P1__huayi_sy3_phase1_wgs1__plateau_2022-09-28D_008__W003,refined_first_cv,gas_O2,0,0.019629819486582645,11.330550350890213,False,False,completed,a2955d2a2f6e850b88d8b206f465d810e1ad86ab
R52-C-75,R52-C-75__P1__huayi_sy3_phase1_wgs1__plateau_2022-09-28D_008__W003,refined_first_cv,gas_CH4,1,0.012728189622644302,7.34685275601362,False,False,completed,a2955d2a2f6e850b88d8b206f465d810e1ad86ab
R52-C-75,R52-C-75__P1__huayi_sy3_phase1_wgs1__plateau_2022-09-28D_008__W003,refined_first_cv,gas_CO,2,0.012118167140399252,6.994740987743057,False,False,completed,a2955d2a2f6e850b88d8b206f465d810e1ad86ab
R52-C-75,R52-C-75__P1__huayi_sy3_phase1_wgs1__plateau_2022-09-28D_008__W003,refined_first_cv,gas_CO2,3,-0.09811540951786409,-56.6333067148295,False,False,completed,a2955d2a2f6e850b88d8b206f465d810e1ad86ab
R52-C-75,R52-C-75__P1__huayi_sy3_phase1_wgs1__plateau_2022-09-28D_008__W003,refined_first_cv,gas_H2S,4,0.011653143090949985,6.7263239291826755,False,False,completed,a2955d2a2f6e850b88d8b206f465d810e1ad86ab
R52-C-75,R52-C-75__P1__huayi_sy3_phase1_wgs1__plateau_2022-09-28D_008__W003,refined_first_cv,gas_H2,5,0.11459735369805493,66.14686839286027,True,False,completed,a2955d2a2f6e850b88d8b206f465d810e1ad86ab
R52-C-75,R52-C-75__P1__huayi_sy3_phase1_wgs1__plateau_2022-09-28D_008__W003,refined_first_cv,gas_N2,6,0.00010239378605142192,0.0005969346789855834,False,False,completed,a2955d2a2f6e850b88d8b206f465d810e1ad86ab
R52-C-75,R52-C-75__P1__huayi_sy3_phase1_wgs1__plateau_2022-09-28D_008__W003,refined_first_cv,gas_H2O,7,0.003227287739789901,1.8628264135334687,False,False,completed,a2955d2a2f6e850b88d8b206f465d810e1ad86ab
R52-C-75,R52-C-75__P1__huayi_sy3_phase1_wgs1__plateau_2022-09-28D_008__W003,refined_first_cv,solid_mass,8,0.002268642224497154,0.03941404310222385,False,False,completed,a2955d2a2f6e850b88d8b206f465d810e1ad86ab
R52-C-75,R52-C-75__P1__huayi_sy3_phase1_wgs1__plateau_2022-09-28D_008__W003,refined_first_cv,carbon_fraction,9,2.3820455432824376e-06,2.0099410535934226e-06,False,False,completed,a2955d2a2f6e850b88d8b206f465d810e1ad86ab
R52-C-75,R52-C-75__P1__huayi_sy3_phase1_wgs1__plateau_2022-09-28D_008__W003,refined_first_cv,energy,10,-0.0010088712484559897,-4076.322016209364,False,True,completed,a2955d2a2f6e850b88d8b206f465d810e1ad86ab
R52-C-75,R52-C-75__P1__huayi_sy3_phase1_wgs1__plateau_2022-09-28D_008__W003,alt_cell0_init,gas_O2,0,0.006246291349957219,3.605428908574304,False,False,completed,a2955d2a2f6e850b88d8b206f465d810e1ad86ab
R52-C-75,R52-C-75__P1__huayi_sy3_phase1_wgs1__plateau_2022-09-28D_008__W003,alt_cell0_init,gas_CH4,1,0.006401867028031213,3.6952289220179404,False,False,completed,a2955d2a2f6e850b88d8b206f465d810e1ad86ab
R52-C-75,R52-C-75__P1__huayi_sy3_phase1_wgs1__plateau_2022-09-28D_008__W003,alt_cell0_init,gas_CO,2,0.011461740001705632,6.615843935136809,False,False,completed,a2955d2a2f6e850b88d8b206f465d810e1ad86ab
R52-C-75,R52-C-75__P1__huayi_sy3_phase1_wgs1__plateau_2022-09-28D_008__W003,alt_cell0_init,gas_CO2,3,-0.07082883057717758,-40.883189562590076,False,False,completed,a2955d2a2f6e850b88d8b206f465d810e1ad86ab
R52-C-75,R52-C-75__P1__huayi_sy3_phase1_wgs1__plateau_2022-09-28D_008__W003,alt_cell0_init,gas_H2S,4,0.006522432847525673,3.7648208553167697,False,False,completed,a2955d2a2f6e850b88d8b206f465d810e1ad86ab
R52-C-75,R52-C-75__P1__huayi_sy3_phase1_wgs1__plateau_2022-09-28D_008__W003,alt_cell0_init,gas_H2,5,0.08975379921130272,51.80689215417733,True,False,completed,a2955d2a2f6e850b88d8b206f465d810e1ad86ab
R52-C-75,R52-C-75__P1__huayi_sy3_phase1_wgs1__plateau_2022-09-28D_008__W003,alt_cell0_init,gas_N2,6,5.986983762064531e-05,0.00034902881980602984,False,False,completed,a2955d2a2f6e850b88d8b206f465d810e1ad86ab
R52-C-75,R52-C-75__P1__huayi_sy3_phase1_wgs1__plateau_2022-09-28D_008__W003,alt_cell0_init,gas_H2O,7,0.00740566546275087,4.2746325540538805,False,False,completed,a2955d2a2f6e850b88d8b206f465d810e1ad86ab
R52-C-75,R52-C-75__P1__huayi_sy3_phase1_wgs1__plateau_2022-09-28D_008__W003,alt_cell0_init,solid_mass,8,0.00032116847971543484,0.0055797904869665516,False,False,completed,a2955d2a2f6e850b88d8b206f465d810e1ad86ab
R52-C-75,R52-C-75__P1__huayi_sy3_phase1_wgs1__plateau_2022-09-28D_008__W003,alt_cell0_init,carbon_fraction,9,1.1578695737142337e-14,9.769962616701378e-15,False,False,completed,a2955d2a2f6e850b88d8b206f465d810e1ad86ab
R52-C-75,R52-C-75__P1__huayi_sy3_phase1_wgs1__plateau_2022-09-28D_008__W003,alt_cell0_init,energy,10,-0.0006503943945544205,-2627.9041986763477,False,True,completed,a2955d2a2f6e850b88d8b206f465d810e1ad86ab
R52-C-75,R52-C-75__P1__huayi_sy3_phase1_wgs1__plateau_2022-09-28D_008__W003,tighter_tol,gas_O2,0,0.006246297066180843,3.6054322080422203,False,False,completed,a2955d2a2f6e850b88d8b206f465d810e1ad86ab
R52-C-75,R52-C-75__P1__huayi_sy3_phase1_wgs1__plateau_2022-09-28D_008__W003,tighter_tol,gas_CH4,1,0.00640188792655888,3.695240984880778,False,False,completed,a2955d2a2f6e850b88d8b206f465d810e1ad86ab
R52-C-75,R52-C-75__P1__huayi_sy3_phase1_wgs1__plateau_2022-09-28D_008__W003,tighter_tol,gas_CO,2,0.011461738428523452,6.61584302707854,False,False,completed,a2955d2a2f6e850b88d8b206f465d810e1ad86ab
R52-C-75,R52-C-75__P1__huayi_sy3_phase1_wgs1__plateau_2022-09-28D_008__W003,tighter_tol,gas_CO2,3,-0.0708288316275846,-40.883190168896704,False,False,completed,a2955d2a2f6e850b88d8b206f465d810e1ad86ab
R52-C-75,R52-C-75__P1__huayi_sy3_phase1_wgs1__plateau_2022-09-28D_008__W003,tighter_tol,gas_H2S,4,0.0065224533952602136,3.764832715697909,False,False,completed,a2955d2a2f6e850b88d8b206f465d810e1ad86ab
R52-C-75,R52-C-75__P1__huayi_sy3_phase1_wgs1__plateau_2022-09-28D_008__W003,tighter_tol,gas_H2,5,0.08975379547600341,51.806889998120994,True,False,completed,a2955d2a2f6e850b88d8b206f465d810e1ad86ab
R52-C-75,R52-C-75__P1__huayi_sy3_phase1_wgs1__plateau_2022-09-28D_008__W003,tighter_tol,gas_N2,6,5.986954416054394e-05,0.0003490271089940933,False,False,completed,a2955d2a2f6e850b88d8b206f465d810e1ad86ab
R52-C-75,R52-C-75__P1__huayi_sy3_phase1_wgs1__plateau_2022-09-28D_008__W003,tighter_tol,gas_H2O,7,0.007405662146820703,4.274630640062071,False,False,completed,a2955d2a2f6e850b88d8b206f465d810e1ad86ab
R52-C-75,R52-C-75__P1__huayi_sy3_phase1_wgs1__plateau_2022-09-28D_008__W003,tighter_tol,solid_mass,8,0.00032116813779401344,0.005579784546626777,False,False,completed,a2955d2a2f6e850b88d8b206f465d810e1ad86ab
R52-C-75,R52-C-75__P1__huayi_sy3_phase1_wgs1__plateau_2022-09-28D_008__W003,tighter_tol,carbon_fraction,9,0.0,0.0,False,False,completed,a2955d2a2f6e850b88d8b206f465d810e1ad86ab
R52-C-75,R52-C-75__P1__huayi_sy3_phase1_wgs1__plateau_2022-09-28D_008__W003,tighter_tol,energy,10,-0.0006503944822838497,-2627.90455314517,False,True,completed,a2955d2a2f6e850b88d8b206f465d810e1ad86ab
R52-C-75,R52-C-75__P2__huayi_sy3sy2_phase2_wgs1__plateau_2022-10-03D_011__W001,reference,gas_O2,0,0.008309084222207995,5.255804331549379,False,False,completed,a2955d2a2f6e850b88d8b206f465d810e1ad86ab
R52-C-75,R52-C-75__P2__huayi_sy3sy2_phase2_wgs1__plateau_2022-10-03D_011__W001,reference,gas_CH4,1,0.007927080063044094,5.014172515008473,False,False,completed,a2955d2a2f6e850b88d8b206f465d810e1ad86ab
R52-C-75,R52-C-75__P2__huayi_sy3sy2_phase2_wgs1__plateau_2022-10-03D_011__W001,reference,gas_CO,2,0.013032501452661136,8.243541135706323,False,False,completed,a2955d2a2f6e850b88d8b206f465d810e1ad86ab
R52-C-75,R52-C-75__P2__huayi_sy3sy2_phase2_wgs1__plateau_2022-10-03D_011__W001,reference,gas_CO2,3,-0.10831774133045922,-68.51499381203674,False,False,completed,a2955d2a2f6e850b88d8b206f465d810e1ad86ab
R52-C-75,R52-C-75__P2__huayi_sy3sy2_phase2_wgs1__plateau_2022-10-03D_011__W001,reference,gas_H2S,4,0.008515962912402461,5.386662785616223,False,False,completed,a2955d2a2f6e850b88d8b206f465d810e1ad86ab
R52-C-75,R52-C-75__P2__huayi_sy3sy2_phase2_wgs1__plateau_2022-10-03D_011__W001,reference,gas_H2,5,0.12620834152989943,79.83146281242549,True,False,completed,a2955d2a2f6e850b88d8b206f465d810e1ad86ab
R52-C-75,R52-C-75__P2__huayi_sy3sy2_phase2_wgs1__plateau_2022-10-03D_011__W001,reference,gas_N2,6,8.430165086259512e-05,0.000570111940196405,False,False,completed,a2955d2a2f6e850b88d8b206f465d810e1ad86ab
R52-C-75,R52-C-75__P2__huayi_sy3sy2_phase2_wgs1__plateau_2022-10-03D_011__W001,reference,gas_H2O,7,0.004774139208300549,3.019820338725367,False,False,completed,a2955d2a2f6e850b88d8b206f465d810e1ad86ab
R52-C-75,R52-C-75__P2__huayi_sy3sy2_phase2_wgs1__plateau_2022-10-03D_011__W001,reference,solid_mass,8,0.00045580211458926337,0.009284896474159865,False,False,completed,a2955d2a2f6e850b88d8b206f465d810e1ad86ab
R52-C-75,R52-C-75__P2__huayi_sy3sy2_phase2_wgs1__plateau_2022-10-03D_011__W001,reference,carbon_fraction,9,-5.749506346875553e-13,-5.018208071305708e-13,False,False,completed,a2955d2a2f6e850b88d8b206f465d810e1ad86ab
R52-C-75,R52-C-75__P2__huayi_sy3sy2_phase2_wgs1__plateau_2022-10-03D_011__W001,reference,energy,10,-0.0009061143353576456,-4012.056762099266,False,True,completed,a2955d2a2f6e850b88d8b206f465d810e1ad86ab
R52-C-75,R52-C-75__P2__huayi_sy3sy2_phase2_wgs1__plateau_2022-10-03D_011__W001,refined_first_cv,gas_O2,0,0.019296285765152597,12.20561732136995,False,False,completed,a2955d2a2f6e850b88d8b206f465d810e1ad86ab
R52-C-75,R52-C-75__P2__huayi_sy3sy2_phase2_wgs1__plateau_2022-10-03D_011__W001,refined_first_cv,gas_CH4,1,0.014214377361353362,8.991121537365533,False,False,completed,a2955d2a2f6e850b88d8b206f465d810e1ad86ab
R52-C-75,R52-C-75__P2__huayi_sy3sy2_phase2_wgs1__plateau_2022-10-03D_011__W001,refined_first_cv,gas_CO,2,0.012026096988889437,7.606952939158191,False,False,completed,a2955d2a2f6e850b88d8b206f465d810e1ad86ab
R52-C-75,R52-C-75__P2__huayi_sy3sy2_phase2_wgs1__plateau_2022-10-03D_011__W001,refined_first_cv,gas_CO2,3,-0.13375006053537822,-84.60188014799446,False,False,completed,a2955d2a2f6e850b88d8b206f465d810e1ad86ab
R52-C-75,R52-C-75__P2__huayi_sy3sy2_phase2_wgs1__plateau_2022-10-03D_011__W001,refined_first_cv,gas_H2S,4,0.013601362225438781,8.603366699349337,False,False,completed,a2955d2a2f6e850b88d8b206f465d810e1ad86ab
R52-C-75,R52-C-75__P2__huayi_sy3sy2_phase2_wgs1__plateau_2022-10-03D_011__W001,refined_first_cv,gas_H2,5,0.14587347997074712,92.27039314865698,True,False,completed,a2955d2a2f6e850b88d8b206f465d810e1ad86ab
R52-C-75,R52-C-75__P2__huayi_sy3sy2_phase2_wgs1__plateau_2022-10-03D_011__W001,refined_first_cv,gas_N2,6,0.0001289942369320008,0.0008723572307181016,False,False,completed,a2955d2a2f6e850b88d8b206f465d810e1ad86ab
R52-C-75,R52-C-75__P2__huayi_sy3sy2_phase2_wgs1__plateau_2022-10-03D_011__W001,refined_first_cv,gas_H2O,7,-0.0013796788267031108,-0.8726980927876866,False,False,completed,a2955d2a2f6e850b88d8b206f465d810e1ad86ab
R52-C-75,R52-C-75__P2__huayi_sy3sy2_phase2_wgs1__plateau_2022-10-03D_011__W001,refined_first_cv,solid_mass,8,0.002458191111119022,0.050074471464458974,False,False,completed,a2955d2a2f6e850b88d8b206f465d810e1ad86ab
R52-C-75,R52-C-75__P2__huayi_sy3sy2_phase2_wgs1__plateau_2022-10-03D_011__W001,refined_first_cv,carbon_fraction,9,8.432723447475923e-07,7.360138125633853e-07,False,False,completed,a2955d2a2f6e850b88d8b206f465d810e1ad86ab
R52-C-75,R52-C-75__P2__huayi_sy3sy2_phase2_wgs1__plateau_2022-10-03D_011__W001,refined_first_cv,energy,10,-0.0012457523174185645,-5515.892215773463,False,True,completed,a2955d2a2f6e850b88d8b206f465d810e1ad86ab
R52-C-75,R52-C-75__P2__huayi_sy3sy2_phase2_wgs1__plateau_2022-10-03D_011__W001,alt_cell0_init,gas_O2,0,0.008309056283728848,5.255786659423813,False,False,completed,a2955d2a2f6e850b88d8b206f465d810e1ad86ab
R52-C-75,R52-C-75__P2__huayi_sy3sy2_phase2_wgs1__plateau_2022-10-03D_011__W001,alt_cell0_init,gas_CH4,1,0.007927120823269384,5.014198297364615,False,False,completed,a2955d2a2f6e850b88d8b206f465d810e1ad86ab
R52-C-75,R52-C-75__P2__huayi_sy3sy2_phase2_wgs1__plateau_2022-10-03D_011__W001,alt_cell0_init,gas_CO,2,0.013032496706782658,8.243538133761945,False,False,completed,a2955d2a2f6e850b88d8b206f465d810e1ad86ab
R52-C-75,R52-C-75__P2__huayi_sy3sy2_phase2_wgs1__plateau_2022-10-03D_011__W001,alt_cell0_init,gas_CO2,3,-0.10831774846467632,-68.51499832469398,False,False,completed,a2955d2a2f6e850b88d8b206f465d810e1ad86ab
R52-C-75,R52-C-75__P2__huayi_sy3sy2_phase2_wgs1__plateau_2022-10-03D_011__W001,alt_cell0_init,gas_H2S,4,0.008515969367426292,5.386666868658506,False,False,completed,a2955d2a2f6e850b88d8b206f465d810e1ad86ab
R52-C-75,R52-C-75__P2__huayi_sy3sy2_phase2_wgs1__plateau_2022-10-03D_011__W001,alt_cell0_init,gas_H2,5,0.12620833508244034,79.83145873416818,True,False,completed,a2955d2a2f6e850b88d8b206f465d810e1ad86ab
R52-C-75,R52-C-75__P2__huayi_sy3sy2_phase2_wgs1__plateau_2022-10-03D_011__W001,alt_cell0_init,gas_N2,6,8.430276057544107e-05,0.0005701194449194702,False,False,completed,a2955d2a2f6e850b88d8b206f465d810e1ad86ab
R52-C-75,R52-C-75__P2__huayi_sy3sy2_phase2_wgs1__plateau_2022-10-03D_011__W001,alt_cell0_init,gas_H2O,7,0.00477413016403688,3.0198146178927345,False,False,completed,a2955d2a2f6e850b88d8b206f465d810e1ad86ab
R52-C-75,R52-C-75__P2__huayi_sy3sy2_phase2_wgs1__plateau_2022-10-03D_011__W001,alt_cell0_init,solid_mass,8,0.0004558013935414916,0.009284881786088661,False,False,completed,a2955d2a2f6e850b88d8b206f465d810e1ad86ab
R52-C-75,R52-C-75__P2__huayi_sy3sy2_phase2_wgs1__plateau_2022-10-03D_011__W001,alt_cell0_init,carbon_fraction,9,-7.560855249077054e-13,-6.59916565837193e-13,False,False,completed,a2955d2a2f6e850b88d8b206f465d810e1ad86ab
R52-C-75,R52-C-75__P2__huayi_sy3sy2_phase2_wgs1__plateau_2022-10-03D_011__W001,alt_cell0_init,energy,10,-0.0009061146544643996,-4012.0581750273705,False,True,completed,a2955d2a2f6e850b88d8b206f465d810e1ad86ab
R52-C-75,R52-C-75__P2__huayi_sy3sy2_phase2_wgs1__plateau_2022-10-03D_011__W001,tighter_tol,gas_O2,0,0.008309126693227085,5.255831196046132,False,False,completed,a2955d2a2f6e850b88d8b206f465d810e1ad86ab
R52-C-75,R52-C-75__P2__huayi_sy3sy2_phase2_wgs1__plateau_2022-10-03D_011__W001,tighter_tol,gas_CH4,1,0.007927091547298778,5.0141797792260325,False,False,completed,a2955d2a2f6e850b88d8b206f465d810e1ad86ab
R52-C-75,R52-C-75__P2__huayi_sy3sy2_phase2_wgs1__plateau_2022-10-03D_011__W001,tighter_tol,gas_CO,2,0.013032516325449486,8.24355054329726,False,False,completed,a2955d2a2f6e850b88d8b206f465d810e1ad86ab
R52-C-75,R52-C-75__P2__huayi_sy3sy2_phase2_wgs1__plateau_2022-10-03D_011__W001,tighter_tol,gas_CO2,3,-0.10831770805922672,-68.51497276674664,False,False,completed,a2955d2a2f6e850b88d8b206f465d810e1ad86ab
R52-C-75,R52-C-75__P2__huayi_sy3sy2_phase2_wgs1__plateau_2022-10-03D_011__W001,tighter_tol,gas_H2S,4,0.008515885236865849,5.386613652954805,False,False,completed,a2955d2a2f6e850b88d8b206f465d810e1ad86ab
R52-C-75,R52-C-75__P2__huayi_sy3sy2_phase2_wgs1__plateau_2022-10-03D_011__W001,tighter_tol,gas_H2,5,0.12620836856104972,79.83147991063186,True,False,completed,a2955d2a2f6e850b88d8b206f465d810e1ad86ab
R52-C-75,R52-C-75__P2__huayi_sy3sy2_phase2_wgs1__plateau_2022-10-03D_011__W001,tighter_tol,gas_N2,6,8.43022737756786e-05,0.0005701161528088861,False,False,completed,a2955d2a2f6e850b88d8b206f465d810e1ad86ab
R52-C-75,R52-C-75__P2__huayi_sy3sy2_phase2_wgs1__plateau_2022-10-03D_011__W001,tighter_tol,gas_H2O,7,0.0047741848037262,3.019849179525295,False,False,completed,a2955d2a2f6e850b88d8b206f465d810e1ad86ab
R52-C-75,R52-C-75__P2__huayi_sy3sy2_phase2_wgs1__plateau_2022-10-03D_011__W001,tighter_tol,solid_mass,8,0.0004558085201240202,0.009285026957817522,False,False,completed,a2955d2a2f6e850b88d8b206f465d810e1ad86ab
R52-C-75,R52-C-75__P2__huayi_sy3sy2_phase2_wgs1__plateau_2022-10-03D_011__W001,tighter_tol,carbon_fraction,9,-1.3391770535377395e-12,-1.1688428003253648e-12,False,False,completed,a2955d2a2f6e850b88d8b206f465d810e1ad86ab
R52-C-75,R52-C-75__P2__huayi_sy3sy2_phase2_wgs1__plateau_2022-10-03D_011__W001,tighter_tol,energy,10,-0.0009061092249582209,-4012.034134477377,False,True,completed,a2955d2a2f6e850b88d8b206f465d810e1ad86ab
R52-C-75,R52-C-75__P2__huayi_sy3sy2_phase2_wgs1__plateau_2022-10-03N_013__W001,reference,gas_O2,0,0.007532639504218748,4.784876343092602,False,False,completed,a2955d2a2f6e850b88d8b206f465d810e1ad86ab
R52-C-75,R52-C-75__P2__huayi_sy3sy2_phase2_wgs1__plateau_2022-10-03N_013__W001,reference,gas_CH4,1,0.007361126383628963,4.675927936258526,False,False,completed,a2955d2a2f6e850b88d8b206f465d810e1ad86ab
R52-C-75,R52-C-75__P2__huayi_sy3sy2_phase2_wgs1__plateau_2022-10-03N_013__W001,reference,gas_CO,2,0.010997187363196943,6.985623250023764,False,False,completed,a2955d2a2f6e850b88d8b206f465d810e1ad86ab
R52-C-75,R52-C-75__P2__huayi_sy3sy2_phase2_wgs1__plateau_2022-10-03N_013__W001,reference,gas_CO2,3,-0.09565748382152936,-60.76345896030912,False,False,completed,a2955d2a2f6e850b88d8b206f465d810e1ad86ab
R52-C-75,R52-C-75__P2__huayi_sy3sy2_phase2_wgs1__plateau_2022-10-03N_013__W001,reference,gas_H2S,4,0.007767715825507945,4.934201307858,False,False,completed,a2955d2a2f6e850b88d8b206f465d810e1ad86ab
R52-C-75,R52-C-75__P2__huayi_sy3sy2_phase2_wgs1__plateau_2022-10-03N_013__W001,reference,gas_H2,5,0.11270668509153668,71.59343692219001,True,False,completed,a2955d2a2f6e850b88d8b206f465d810e1ad86ab
R52-C-75,R52-C-75__P2__huayi_sy3sy2_phase2_wgs1__plateau_2022-10-03N_013__W001,reference,gas_N2,6,7.13674071004017e-05,0.0004526101847952546,False,False,completed,a2955d2a2f6e850b88d8b206f465d810e1ad86ab
R52-C-75,R52-C-75__P2__huayi_sy3sy2_phase2_wgs1__plateau_2022-10-03N_013__W001,reference,gas_H2O,7,0.005979448612705153,3.798259852425815,False,False,completed,a2955d2a2f6e850b88d8b206f465d810e1ad86ab
R52-C-75,R52-C-75__P2__huayi_sy3sy2_phase2_wgs1__plateau_2022-10-03N_013__W001,reference,solid_mass,8,0.0004951240285415088,0.009458343450265083,False,False,completed,a2955d2a2f6e850b88d8b206f465d810e1ad86ab
R52-C-75,R52-C-75__P2__huayi_sy3sy2_phase2_wgs1__plateau_2022-10-03N_013__W001,reference,carbon_fraction,9,-8.01878053334148e-13,-6.998845947236987e-13,False,False,completed,a2955d2a2f6e850b88d8b206f465d810e1ad86ab
R52-C-75,R52-C-75__P2__huayi_sy3sy2_phase2_wgs1__plateau_2022-10-03N_013__W001,reference,energy,10,-0.0008092886623214256,-3598.529202193022,False,True,completed,a2955d2a2f6e850b88d8b206f465d810e1ad86ab
R52-C-75,R52-C-75__P2__huayi_sy3sy2_phase2_wgs1__plateau_2022-10-03N_013__W001,refined_first_cv,gas_O2,0,0.016423727543244625,10.432665116000415,False,False,completed,a2955d2a2f6e850b88d8b206f465d810e1ad86ab
R52-C-75,R52-C-75__P2__huayi_sy3sy2_phase2_wgs1__plateau_2022-10-03N_013__W001,refined_first_cv,gas_CH4,1,0.013275700299928892,8.432978143656086,False,False,completed,a2955d2a2f6e850b88d8b206f465d810e1ad86ab
R52-C-75,R52-C-75__P2__huayi_sy3sy2_phase2_wgs1__plateau_2022-10-03N_013__W001,refined_first_cv,gas_CO,2,0.010375922422869954,6.590983905594953,False,False,completed,a2955d2a2f6e850b88d8b206f465d810e1ad86ab
R52-C-75,R52-C-75__P2__huayi_sy3sy2_phase2_wgs1__plateau_2022-10-03N_013__W001,refined_first_cv,gas_CO2,3,-0.12110026166060225,-76.92519691638127,False,False,completed,a2955d2a2f6e850b88d8b206f465d810e1ad86ab
R52-C-75,R52-C-75__P2__huayi_sy3sy2_phase2_wgs1__plateau_2022-10-03N_013__W001,refined_first_cv,gas_H2S,4,0.012651080322095708,8.036207615385996,False,False,completed,a2955d2a2f6e850b88d8b206f465d810e1ad86ab
R52-C-75,R52-C-75__P2__huayi_sy3sy2_phase2_wgs1__plateau_2022-10-03N_013__W001,refined_first_cv,gas_H2,5,0.13268628320875187,84.28485887621004,True,False,completed,a2955d2a2f6e850b88d8b206f465d810e1ad86ab
R52-C-75,R52-C-75__P2__huayi_sy3sy2_phase2_wgs1__plateau_2022-10-03N_013__W001,refined_first_cv,gas_N2,6,0.00011184225230608963,0.0007093005692775378,False,False,completed,a2955d2a2f6e850b88d8b206f465d810e1ad86ab
R52-C-75,R52-C-75__P2__huayi_sy3sy2_phase2_wgs1__plateau_2022-10-03N_013__W001,refined_first_cv,gas_H2O,7,-0.00015282776284378265,-0.09707911105920174,False,False,completed,a2955d2a2f6e850b88d8b206f465d810e1ad86ab
R52-C-75,R52-C-75__P2__huayi_sy3sy2_phase2_wgs1__plateau_2022-10-03N_013__W001,refined_first_cv,solid_mass,8,0.0022477309868363443,0.04293835570842042,False,False,completed,a2955d2a2f6e850b88d8b206f465d810e1ad86ab
R52-C-75,R52-C-75__P2__huayi_sy3sy2_phase2_wgs1__plateau_2022-10-03N_013__W001,refined_first_cv,carbon_fraction,9,8.99482711042685e-07,7.850746008841725e-07,False,False,completed,a2955d2a2f6e850b88d8b206f465d810e1ad86ab
R52-C-75,R52-C-75__P2__huayi_sy3sy2_phase2_wgs1__plateau_2022-10-03N_013__W001,refined_first_cv,energy,10,-0.0011532091340750348,-5127.7831241339445,False,True,completed,a2955d2a2f6e850b88d8b206f465d810e1ad86ab
R52-C-75,R52-C-75__P2__huayi_sy3sy2_phase2_wgs1__plateau_2022-10-03N_013__W001,alt_cell0_init,gas_O2,0,0.007532528352027563,4.7848057370998704,False,False,completed,a2955d2a2f6e850b88d8b206f465d810e1ad86ab
R52-C-75,R52-C-75__P2__huayi_sy3sy2_phase2_wgs1__plateau_2022-10-03N_013__W001,alt_cell0_init,gas_CH4,1,0.0073610732763158895,4.675894201479924,False,False,completed,a2955d2a2f6e850b88d8b206f465d810e1ad86ab
R52-C-75,R52-C-75__P2__huayi_sy3sy2_phase2_wgs1__plateau_2022-10-03N_013__W001,alt_cell0_init,gas_CO,2,0.01099720440806196,6.985634077247255,False,False,completed,a2955d2a2f6e850b88d8b206f465d810e1ad86ab
R52-C-75,R52-C-75__P2__huayi_sy3sy2_phase2_wgs1__plateau_2022-10-03N_013__W001,alt_cell0_init,gas_CO2,3,-0.09565746247901928,-60.763445403139485,False,False,completed,a2955d2a2f6e850b88d8b206f465d810e1ad86ab
R52-C-75,R52-C-75__P2__huayi_sy3sy2_phase2_wgs1__plateau_2022-10-03N_013__W001,alt_cell0_init,gas_H2S,4,0.007767795057795365,4.934251637718798,False,False,completed,a2955d2a2f6e850b88d8b206f465d810e1ad86ab
R52-C-75,R52-C-75__P2__huayi_sy3sy2_phase2_wgs1__plateau_2022-10-03N_013__W001,alt_cell0_init,gas_H2,5,0.1127067056540308,71.59344998387863,True,False,completed,a2955d2a2f6e850b88d8b206f465d810e1ad86ab
R52-C-75,R52-C-75__P2__huayi_sy3sy2_phase2_wgs1__plateau_2022-10-03N_013__W001,alt_cell0_init,gas_N2,6,7.13666227730845e-05,0.00045260521061241127,False,False,completed,a2955d2a2f6e850b88d8b206f465d810e1ad86ab
R52-C-75,R52-C-75__P2__huayi_sy3sy2_phase2_wgs1__plateau_2022-10-03N_013__W001,alt_cell0_init,gas_H2O,7,0.00597947347290736,3.798275644100613,False,False,completed,a2955d2a2f6e850b88d8b206f465d810e1ad86ab
R52-C-75,R52-C-75__P2__huayi_sy3sy2_phase2_wgs1__plateau_2022-10-03N_013__W001,alt_cell0_init,solid_mass,8,0.0004951269731634474,0.009458399701313349,False,False,completed,a2955d2a2f6e850b88d8b206f465d810e1ad86ab
R52-C-75,R52-C-75__P2__huayi_sy3sy2_phase2_wgs1__plateau_2022-10-03N_013__W001,alt_cell0_init,carbon_fraction,9,-1.9639906636229764e-13,-1.7141843500212417e-13,False,False,completed,a2955d2a2f6e850b88d8b206f465d810e1ad86ab
R52-C-75,R52-C-75__P2__huayi_sy3sy2_phase2_wgs1__plateau_2022-10-03N_013__W001,alt_cell0_init,energy,10,-0.0008092877638014259,-3598.5252068936825,False,True,completed,a2955d2a2f6e850b88d8b206f465d810e1ad86ab
R52-C-75,R52-C-75__P2__huayi_sy3sy2_phase2_wgs1__plateau_2022-10-03N_013__W001,tighter_tol,gas_O2,0,0.007532543831673344,4.784815570066237,False,False,completed,a2955d2a2f6e850b88d8b206f465d810e1ad86ab
R52-C-75,R52-C-75__P2__huayi_sy3sy2_phase2_wgs1__plateau_2022-10-03N_013__W001,tighter_tol,gas_CH4,1,0.007361174543320689,4.675958528213644,False,False,completed,a2955d2a2f6e850b88d8b206f465d810e1ad86ab
R52-C-75,R52-C-75__P2__huayi_sy3sy2_phase2_wgs1__plateau_2022-10-03N_013__W001,tighter_tol,gas_CO,2,0.010997219726610018,6.9856438078812735,False,False,completed,a2955d2a2f6e850b88d8b206f465d810e1ad86ab
R52-C-75,R52-C-75__P2__huayi_sy3sy2_phase2_wgs1__plateau_2022-10-03N_013__W001,tighter_tol,gas_CO2,3,-0.09565743366113272,-60.76342709746807,False,False,completed,a2955d2a2f6e850b88d8b206f465d810e1ad86ab
R52-C-75,R52-C-75__P2__huayi_sy3sy2_phase2_wgs1__plateau_2022-10-03N_013__W001,tighter_tol,gas_H2S,4,0.007767785607674936,4.934245634821984,False,False,completed,a2955d2a2f6e850b88d8b206f465d810e1ad86ab
R52-C-75,R52-C-75__P2__huayi_sy3sy2_phase2_wgs1__plateau_2022-10-03N_013__W001,tighter_tol,gas_H2,5,0.11270672015117861,71.59345919274352,True,False,completed,a2955d2a2f6e850b88d8b206f465d810e1ad86ab
R52-C-75,R52-C-75__P2__huayi_sy3sy2_phase2_wgs1__plateau_2022-10-03N_013__W001,tighter_tol,gas_N2,6,7.136782445975216e-05,0.00045261283167707944,False,False,completed,a2955d2a2f6e850b88d8b206f465d810e1ad86ab
R52-C-75,R52-C-75__P2__huayi_sy3sy2_phase2_wgs1__plateau_2022-10-03N_013__W001,tighter_tol,gas_H2O,7,0.005979501130546472,3.7982932127607114,False,False,completed,a2955d2a2f6e850b88d8b206f465d810e1ad86ab
R52-C-75,R52-C-75__P2__huayi_sy3sy2_phase2_wgs1__plateau_2022-10-03N_013__W001,tighter_tol,solid_mass,8,0.0004951310715999875,0.009458477993656622,False,False,completed,a2955d2a2f6e850b88d8b206f465d810e1ad86ab
R52-C-75,R52-C-75__P2__huayi_sy3sy2_phase2_wgs1__plateau_2022-10-03N_013__W001,tighter_tol,carbon_fraction,9,-2.111544366330402e-12,-1.84297022087776e-12,False,False,completed,a2955d2a2f6e850b88d8b206f465d810e1ad86ab
R52-C-75,R52-C-75__P2__huayi_sy3sy2_phase2_wgs1__plateau_2022-10-03N_013__W001,tighter_tol,energy,10,-0.0008092854474817454,-3598.5149073004723,False,True,completed,a2955d2a2f6e850b88d8b206f465d810e1ad86ab
R52-C-75,R52-C-75__P3__huayi_sy3sy2_phase3_wgs1__plateau_2022-10-09D_014__W004,reference,gas_O2,0,0.008213319228347933,5.073274001411568,False,False,completed,a2955d2a2f6e850b88d8b206f465d810e1ad86ab
R52-C-75,R52-C-75__P3__huayi_sy3sy2_phase3_wgs1__plateau_2022-10-09D_014__W004,reference,gas_CH4,1,0.0078049846211677085,4.821050352374037,False,False,completed,a2955d2a2f6e850b88d8b206f465d810e1ad86ab
R52-C-75,R52-C-75__P3__huayi_sy3sy2_phase3_wgs1__plateau_2022-10-09D_014__W004,reference,gas_CO,2,0.012803329209685903,7.908471034076456,False,False,completed,a2955d2a2f6e850b88d8b206f465d810e1ad86ab
R52-C-75,R52-C-75__P3__huayi_sy3sy2_phase3_wgs1__plateau_2022-10-09D_014__W004,reference,gas_CO2,3,-0.11184463677979664,-69.08516182030779,False,False,completed,a2955d2a2f6e850b88d8b206f465d810e1ad86ab
R52-C-75,R52-C-75__P3__huayi_sy3sy2_phase3_wgs1__plateau_2022-10-09D_014__W004,reference,gas_H2S,4,0.00840941776889905,5.194401842645233,False,False,completed,a2955d2a2f6e850b88d8b206f465d810e1ad86ab
R52-C-75,R52-C-75__P3__huayi_sy3sy2_phase3_wgs1__plateau_2022-10-09D_014__W004,reference,gas_H2,5,0.12898311672182464,79.67140622360652,True,False,completed,a2955d2a2f6e850b88d8b206f465d810e1ad86ab
R52-C-75,R52-C-75__P3__huayi_sy3sy2_phase3_wgs1__plateau_2022-10-09D_014__W004,reference,gas_N2,6,8.528410872850435e-05,0.0005764238514602837,False,False,completed,a2955d2a2f6e850b88d8b206f465d810e1ad86ab
R52-C-75,R52-C-75__P3__huayi_sy3sy2_phase3_wgs1__plateau_2022-10-09D_014__W004,reference,gas_H2O,7,0.004253490421085192,2.6273327224473633,False,False,completed,a2955d2a2f6e850b88d8b206f465d810e1ad86ab
R52-C-75,R52-C-75__P3__huayi_sy3sy2_phase3_wgs1__plateau_2022-10-09D_014__W004,reference,solid_mass,8,0.0008490546518196504,0.01710177707974303,False,False,completed,a2955d2a2f6e850b88d8b206f465d810e1ad86ab
R52-C-75,R52-C-75__P3__huayi_sy3sy2_phase3_wgs1__plateau_2022-10-09D_014__W004,reference,carbon_fraction,9,-1.2571416065370046e-12,-1.0800249583553523e-12,False,False,completed,a2955d2a2f6e850b88d8b206f465d810e1ad86ab
R52-C-75,R52-C-75__P3__huayi_sy3sy2_phase3_wgs1__plateau_2022-10-09D_014__W004,reference,energy,10,-0.000897825960078868,-3882.0382869541645,False,True,completed,a2955d2a2f6e850b88d8b206f465d810e1ad86ab
R52-C-75,R52-C-75__P3__huayi_sy3sy2_phase3_wgs1__plateau_2022-10-09D_014__W004,refined_first_cv,gas_O2,0,0.018467728273753693,11.407306000355424,False,False,completed,a2955d2a2f6e850b88d8b206f465d810e1ad86ab
R52-C-75,R52-C-75__P3__huayi_sy3sy2_phase3_wgs1__plateau_2022-10-09D_014__W004,refined_first_cv,gas_CH4,1,0.013845510315530699,8.55221446618317,False,False,completed,a2955d2a2f6e850b88d8b206f465d810e1ad86ab
R52-C-75,R52-C-75__P3__huayi_sy3sy2_phase3_wgs1__plateau_2022-10-09D_014__W004,refined_first_cv,gas_CO,2,0.011733346177458243,7.247554667814143,False,False,completed,a2955d2a2f6e850b88d8b206f465d810e1ad86ab
R52-C-75,R52-C-75__P3__huayi_sy3sy2_phase3_wgs1__plateau_2022-10-09D_014__W004,refined_first_cv,gas_CO2,3,-0.13646716861481428,-84.29422007490214,False,False,completed,a2955d2a2f6e850b88d8b206f465d810e1ad86ab
R52-C-75,R52-C-75__P3__huayi_sy3sy2_phase3_wgs1__plateau_2022-10-09D_014__W004,refined_first_cv,gas_H2S,4,0.013263274587817352,8.192574070141335,False,False,completed,a2955d2a2f6e850b88d8b206f465d810e1ad86ab
R52-C-75,R52-C-75__P3__huayi_sy3sy2_phase3_wgs1__plateau_2022-10-09D_014__W004,refined_first_cv,gas_H2,5,0.14792652917750007,91.37253694036856,True,False,completed,a2955d2a2f6e850b88d8b206f465d810e1ad86ab
R52-C-75,R52-C-75__P3__huayi_sy3sy2_phase3_wgs1__plateau_2022-10-09D_014__W004,refined_first_cv,gas_N2,6,0.00012880944364764438,0.0008706057519836107,False,False,completed,a2955d2a2f6e850b88d8b206f465d810e1ad86ab
R52-C-75,R52-C-75__P3__huayi_sy3sy2_phase3_wgs1__plateau_2022-10-09D_014__W004,refined_first_cv,gas_H2O,7,-0.001689090367764685,-1.0433319356733364,False,False,completed,a2955d2a2f6e850b88d8b206f465d810e1ad86ab
R52-C-75,R52-C-75__P3__huayi_sy3sy2_phase3_wgs1__plateau_2022-10-09D_014__W004,refined_first_cv,solid_mass,8,0.002934444837833095,0.05910599672455952,False,False,completed,a2955d2a2f6e850b88d8b206f465d810e1ad86ab
R52-C-75,R52-C-75__P3__huayi_sy3sy2_phase3_wgs1__plateau_2022-10-09D_014__W004,refined_first_cv,carbon_fraction,9,9.90198375475883e-07,8.506909274785812e-07,False,False,completed,a2955d2a2f6e850b88d8b206f465d810e1ad86ab
R52-C-75,R52-C-75__P3__huayi_sy3sy2_phase3_wgs1__plateau_2022-10-09D_014__W004,refined_first_cv,energy,10,-0.0012157290490224344,-5256.594178289175,False,True,completed,a2955d2a2f6e850b88d8b206f465d810e1ad86ab
R52-C-75,R52-C-75__P3__huayi_sy3sy2_phase3_wgs1__plateau_2022-10-09D_014__W004,alt_cell0_init,gas_O2,0,0.008213343019661236,5.073288697035577,False,False,completed,a2955d2a2f6e850b88d8b206f465d810e1ad86ab
R52-C-75,R52-C-75__P3__huayi_sy3sy2_phase3_wgs1__plateau_2022-10-09D_014__W004,alt_cell0_init,gas_CH4,1,0.007805074485098659,4.821105860303521,False,False,completed,a2955d2a2f6e850b88d8b206f465d810e1ad86ab
R52-C-75,R52-C-75__P3__huayi_sy3sy2_phase3_wgs1__plateau_2022-10-09D_014__W004,alt_cell0_init,gas_CO,2,0.012803288531452616,7.908445907593774,False,False,completed,a2955d2a2f6e850b88d8b206f465d810e1ad86ab
R52-C-75,R52-C-75__P3__huayi_sy3sy2_phase3_wgs1__plateau_2022-10-09D_014__W004,alt_cell0_init,gas_CO2,3,-0.11184469210888896,-69.08519599645969,False,False,completed,a2955d2a2f6e850b88d8b206f465d810e1ad86ab
R52-C-75,R52-C-75__P3__huayi_sy3sy2_phase3_wgs1__plateau_2022-10-09D_014__W004,alt_cell0_init,gas_H2S,4,0.008409420422550365,5.194403481775511,False,False,completed,a2955d2a2f6e850b88d8b206f465d810e1ad86ab
R52-C-75,R52-C-75__P3__huayi_sy3sy2_phase3_wgs1__plateau_2022-10-09D_014__W004,alt_cell0_init,gas_H2,5,0.12898306778447105,79.67137599555905,True,False,completed,a2955d2a2f6e850b88d8b206f465d810e1ad86ab
R52-C-75,R52-C-75__P3__huayi_sy3sy2_phase3_wgs1__plateau_2022-10-09D_014__W004,alt_cell0_init,gas_N2,6,8.528430375869465e-05,0.0005764251696431799,False,False,completed,a2955d2a2f6e850b88d8b206f465d810e1ad86ab
R52-C-75,R52-C-75__P3__huayi_sy3sy2_phase3_wgs1__plateau_2022-10-09D_014__W004,alt_cell0_init,gas_H2O,7,0.0042534276005912214,2.6272939189417457,False,False,completed,a2955d2a2f6e850b88d8b206f465d810e1ad86ab
R52-C-75,R52-C-75__P3__huayi_sy3sy2_phase3_wgs1__plateau_2022-10-09D_014__W004,alt_cell0_init,solid_mass,8,0.0008490435809378635,0.017101554088499782,False,False,completed,a2955d2a2f6e850b88d8b206f465d810e1ad86ab
R52-C-75,R52-C-75__P3__huayi_sy3sy2_phase3_wgs1__plateau_2022-10-09D_014__W004,alt_cell0_init,carbon_fraction,9,-1.7616523828446183e-12,-1.5134560271690134e-12,False,False,completed,a2955d2a2f6e850b88d8b206f465d810e1ad86ab
R52-C-75,R52-C-75__P3__huayi_sy3sy2_phase3_wgs1__plateau_2022-10-09D_014__W004,alt_cell0_init,energy,10,-0.0008978283332321064,-3882.048548042774,False,True,completed,a2955d2a2f6e850b88d8b206f465d810e1ad86ab
R52-C-75,R52-C-75__P3__huayi_sy3sy2_phase3_wgs1__plateau_2022-10-09D_014__W004,tighter_tol,gas_O2,0,0.00821336221982593,5.073300556759236,False,False,completed,a2955d2a2f6e850b88d8b206f465d810e1ad86ab
R52-C-75,R52-C-75__P3__huayi_sy3sy2_phase3_wgs1__plateau_2022-10-09D_014__W004,tighter_tol,gas_CH4,1,0.007805120727145769,4.821134423490809,False,False,completed,a2955d2a2f6e850b88d8b206f465d810e1ad86ab
R52-C-75,R52-C-75__P3__huayi_sy3sy2_phase3_wgs1__plateau_2022-10-09D_014__W004,tighter_tol,gas_CO,2,0.01280337246478743,7.908497752261383,False,False,completed,a2955d2a2f6e850b88d8b206f465d810e1ad86ab
R52-C-75,R52-C-75__P3__huayi_sy3sy2_phase3_wgs1__plateau_2022-10-09D_014__W004,tighter_tol,gas_CO2,3,-0.11184456135488619,-69.08511523119726,False,False,completed,a2955d2a2f6e850b88d8b206f465d810e1ad86ab
R52-C-75,R52-C-75__P3__huayi_sy3sy2_phase3_wgs1__plateau_2022-10-09D_014__W004,tighter_tol,gas_H2S,4,0.008409464807135347,5.194430897629539,False,False,completed,a2955d2a2f6e850b88d8b206f465d810e1ad86ab
R52-C-75,R52-C-75__P3__huayi_sy3sy2_phase3_wgs1__plateau_2022-10-09D_014__W004,tighter_tol,gas_H2,5,0.12898316119700462,79.67143369542006,True,False,completed,a2955d2a2f6e850b88d8b206f465d810e1ad86ab
R52-C-75,R52-C-75__P3__huayi_sy3sy2_phase3_wgs1__plateau_2022-10-09D_014__W004,tighter_tol,gas_N2,6,8.528479222617731e-05,0.0005764284711293755,False,False,completed,a2955d2a2f6e850b88d8b206f465d810e1ad86ab
R52-C-75,R52-C-75__P3__huayi_sy3sy2_phase3_wgs1__plateau_2022-10-09D_014__W004,tighter_tol,gas_H2O,7,0.004253567257923613,2.6273801836897515,False,False,completed,a2955d2a2f6e850b88d8b206f465d810e1ad86ab
R52-C-75,R52-C-75__P3__huayi_sy3sy2_phase3_wgs1__plateau_2022-10-09D_014__W004,tighter_tol,solid_mass,8,0.0008490667669428067,0.017102021104241416,False,False,completed,a2955d2a2f6e850b88d8b206f465d810e1ad86ab
R52-C-75,R52-C-75__P3__huayi_sy3sy2_phase3_wgs1__plateau_2022-10-09D_014__W004,tighter_tol,carbon_fraction,9,-3.101500674022215e-15,-2.6645352591003757e-15,False,False,completed,a2955d2a2f6e850b88d8b206f465d810e1ad86ab
R52-C-75,R52-C-75__P3__huayi_sy3sy2_phase3_wgs1__plateau_2022-10-09D_014__W004,tighter_tol,energy,10,-0.0008978229991531151,-3882.025484442711,False,True,completed,a2955d2a2f6e850b88d8b206f465d810e1ad86ab
R52-C-75,R52-C-75__P3__huayi_sy3sy2_phase3_wgs1__plateau_2022-10-09D_015__W001,reference,gas_O2,0,0.0066369735990564165,4.1032897088217934,False,False,completed,a2955d2a2f6e850b88d8b206f465d810e1ad86ab
R52-C-75,R52-C-75__P3__huayi_sy3sy2_phase3_wgs1__plateau_2022-10-09D_015__W001,reference,gas_CH4,1,0.006646386652135559,4.109109301630439,False,False,completed,a2955d2a2f6e850b88d8b206f465d810e1ad86ab
R52-C-75,R52-C-75__P3__huayi_sy3sy2_phase3_wgs1__plateau_2022-10-09D_015__W001,reference,gas_CO,2,0.008805915014313263,5.444231458164609,False,False,completed,a2955d2a2f6e850b88d8b206f465d810e1ad86ab
R52-C-75,R52-C-75__P3__huayi_sy3sy2_phase3_wgs1__plateau_2022-10-09D_015__W001,reference,gas_CO2,3,-0.0851133731700429,-52.62109649816874,False,False,completed,a2955d2a2f6e850b88d8b206f465d810e1ad86ab
R52-C-75,R52-C-75__P3__huayi_sy3sy2_phase3_wgs1__plateau_2022-10-09D_015__W001,reference,gas_H2S,4,0.00688799721323955,4.258484331397261,False,False,completed,a2955d2a2f6e850b88d8b206f465d810e1ad86ab
R52-C-75,R52-C-75__P3__huayi_sy3sy2_phase3_wgs1__plateau_2022-10-09D_015__W001,reference,gas_H2,5,0.10067906726045392,62.244541795726086,True,False,completed,a2955d2a2f6e850b88d8b206f465d810e1ad86ab
R52-C-75,R52-C-75__P3__huayi_sy3sy2_phase3_wgs1__plateau_2022-10-09D_015__W001,reference,gas_N2,6,5.89158873443268e-05,0.00034072133765405965,False,False,completed,a2955d2a2f6e850b88d8b206f465d810e1ad86ab
R52-C-75,R52-C-75__P3__huayi_sy3sy2_phase3_wgs1__plateau_2022-10-09D_015__W001,reference,gas_H2O,7,0.00670194226252549,4.143456396880708,False,False,completed,a2955d2a2f6e850b88d8b206f465d810e1ad86ab
R52-C-75,R52-C-75__P3__huayi_sy3sy2_phase3_wgs1__plateau_2022-10-09D_015__W001,reference,solid_mass,8,0.0007734910475411215,0.01333073110074956,False,False,completed,a2955d2a2f6e850b88d8b206f465d810e1ad86ab
R52-C-75,R52-C-75__P3__huayi_sy3sy2_phase3_wgs1__plateau_2022-10-09D_015__W001,reference,carbon_fraction,9,-1.3439836254096268e-12,-1.1546319456101628e-12,False,False,completed,a2955d2a2f6e850b88d8b206f465d810e1ad86ab
R52-C-75,R52-C-75__P3__huayi_sy3sy2_phase3_wgs1__plateau_2022-10-09D_015__W001,reference,energy,10,-0.0007019548519626302,-3037.870881944895,False,True,completed,a2955d2a2f6e850b88d8b206f465d810e1ad86ab
R52-C-75,R52-C-75__P3__huayi_sy3sy2_phase3_wgs1__plateau_2022-10-09D_015__W001,refined_first_cv,gas_O2,0,0.012942167881592938,8.001457815944047,False,False,completed,a2955d2a2f6e850b88d8b206f465d810e1ad86ab
R52-C-75,R52-C-75__P3__huayi_sy3sy2_phase3_wgs1__plateau_2022-10-09D_015__W001,refined_first_cv,gas_CH4,1,0.01192234317770906,7.370954145891195,False,False,completed,a2955d2a2f6e850b88d8b206f465d810e1ad86ab
R52-C-75,R52-C-75__P3__huayi_sy3sy2_phase3_wgs1__plateau_2022-10-09D_015__W001,refined_first_cv,gas_CO,2,0.008451088470993646,5.224860975234378,False,False,completed,a2955d2a2f6e850b88d8b206f465d810e1ad86ab
R52-C-75,R52-C-75__P3__huayi_sy3sy2_phase3_wgs1__plateau_2022-10-09D_015__W001,refined_first_cv,gas_CO2,3,-0.10952907863100589,-67.71603569844473,False,False,completed,a2955d2a2f6e850b88d8b206f465d810e1ad86ab
R52-C-75,R52-C-75__P3__huayi_sy3sy2_phase3_wgs1__plateau_2022-10-09D_015__W001,refined_first_cv,gas_H2S,4,0.011346190095402433,7.014749171131187,False,False,completed,a2955d2a2f6e850b88d8b206f465d810e1ad86ab
R52-C-75,R52-C-75__P3__huayi_sy3sy2_phase3_wgs1__plateau_2022-10-09D_015__W001,refined_first_cv,gas_H2,5,0.11991525826486082,74.13726118164243,True,False,completed,a2955d2a2f6e850b88d8b206f465d810e1ad86ab
R52-C-75,R52-C-75__P3__huayi_sy3sy2_phase3_wgs1__plateau_2022-10-09D_015__W001,refined_first_cv,gas_N2,6,9.394861069777271e-05,0.0005433219756261209,False,False,completed,a2955d2a2f6e850b88d8b206f465d810e1ad86ab
R52-C-75,R52-C-75__P3__huayi_sy3sy2_phase3_wgs1__plateau_2022-10-09D_015__W001,refined_first_cv,gas_H2O,7,0.000767898792412993,0.47475120479202815,False,False,completed,a2955d2a2f6e850b88d8b206f465d810e1ad86ab
R52-C-75,R52-C-75__P3__huayi_sy3sy2_phase3_wgs1__plateau_2022-10-09D_015__W001,refined_first_cv,solid_mass,8,0.0022643124544285973,0.0390242919475563,False,False,completed,a2955d2a2f6e850b88d8b206f465d810e1ad86ab
R52-C-75,R52-C-75__P3__huayi_sy3sy2_phase3_wgs1__plateau_2022-10-09D_015__W001,refined_first_cv,carbon_fraction,9,1.0980989584558134e-06,9.433895717947393e-07,False,False,completed,a2955d2a2f6e850b88d8b206f465d810e1ad86ab
R52-C-75,R52-C-75__P3__huayi_sy3sy2_phase3_wgs1__plateau_2022-10-09D_015__W001,refined_first_cv,energy,10,-0.0010304197884046199,-4459.378352642059,False,True,completed,a2955d2a2f6e850b88d8b206f465d810e1ad86ab
R52-C-75,R52-C-75__P3__huayi_sy3sy2_phase3_wgs1__plateau_2022-10-09D_015__W001,alt_cell0_init,gas_O2,0,0.006636945845095976,4.1032725500161185,False,False,completed,a2955d2a2f6e850b88d8b206f465d810e1ad86ab
R52-C-75,R52-C-75__P3__huayi_sy3sy2_phase3_wgs1__plateau_2022-10-09D_015__W001,alt_cell0_init,gas_CH4,1,0.006646412147937537,4.109125064336183,False,False,completed,a2955d2a2f6e850b88d8b206f465d810e1ad86ab
R52-C-75,R52-C-75__P3__huayi_sy3sy2_phase3_wgs1__plateau_2022-10-09D_015__W001,alt_cell0_init,gas_CO,2,0.0088059563712845,5.444257026992318,False,False,completed,a2955d2a2f6e850b88d8b206f465d810e1ad86ab
R52-C-75,R52-C-75__P3__huayi_sy3sy2_phase3_wgs1__plateau_2022-10-09D_015__W001,alt_cell0_init,gas_CO2,3,-0.08511331331526163,-52.62105949312354,False,False,completed,a2955d2a2f6e850b88d8b206f465d810e1ad86ab
R52-C-75,R52-C-75__P3__huayi_sy3sy2_phase3_wgs1__plateau_2022-10-09D_015__W001,alt_cell0_init,gas_H2S,4,0.006887921873123832,4.258437752588882,False,False,completed,a2955d2a2f6e850b88d8b206f465d810e1ad86ab
R52-C-75,R52-C-75__P3__huayi_sy3sy2_phase3_wgs1__plateau_2022-10-09D_015__W001,alt_cell0_init,gas_H2,5,0.10067911517225236,62.24457141705674,True,False,completed,a2955d2a2f6e850b88d8b206f465d810e1ad86ab
R52-C-75,R52-C-75__P3__huayi_sy3sy2_phase3_wgs1__plateau_2022-10-09D_015__W001,alt_cell0_init,gas_N2,6,5.8915576098380854e-05,0.0003407195376619043,False,False,completed,a2955d2a2f6e850b88d8b206f465d810e1ad86ab
R52-C-75,R52-C-75__P3__huayi_sy3sy2_phase3_wgs1__plateau_2022-10-09D_015__W001,alt_cell0_init,gas_H2O,7,0.006702007288377327,4.14349659892531,False,False,completed,a2955d2a2f6e850b88d8b206f465d810e1ad86ab
R52-C-75,R52-C-75__P3__huayi_sy3sy2_phase3_wgs1__plateau_2022-10-09D_015__W001,alt_cell0_init,solid_mass,8,0.0007734990310934252,0.013330868693278042,False,False,completed,a2955d2a2f6e850b88d8b206f465d810e1ad86ab
R52-C-75,R52-C-75__P3__huayi_sy3sy2_phase3_wgs1__plateau_2022-10-09D_015__W001,alt_cell0_init,carbon_fraction,9,-2.3468021766768096e-13,-2.016165012719284e-13,False,False,completed,a2955d2a2f6e850b88d8b206f465d810e1ad86ab
R52-C-75,R52-C-75__P3__huayi_sy3sy2_phase3_wgs1__plateau_2022-10-09D_015__W001,alt_cell0_init,energy,10,-0.0007019523737117121,-3037.8601567447186,False,True,completed,a2955d2a2f6e850b88d8b206f465d810e1ad86ab
R52-C-75,R52-C-75__P3__huayi_sy3sy2_phase3_wgs1__plateau_2022-10-09D_015__W001,tighter_tol,gas_O2,0,0.006636976503566512,4.10329150452675,False,False,completed,a2955d2a2f6e850b88d8b206f465d810e1ad86ab
R52-C-75,R52-C-75__P3__huayi_sy3sy2_phase3_wgs1__plateau_2022-10-09D_015__W001,tighter_tol,gas_CH4,1,0.006646399672278729,4.109117351296251,False,False,completed,a2955d2a2f6e850b88d8b206f465d810e1ad86ab
R52-C-75,R52-C-75__P3__huayi_sy3sy2_phase3_wgs1__plateau_2022-10-09D_015__W001,tighter_tol,gas_CO,2,0.00880594814010228,5.444251938087746,False,False,completed,a2955d2a2f6e850b88d8b206f465d810e1ad86ab
R52-C-75,R52-C-75__P3__huayi_sy3sy2_phase3_wgs1__plateau_2022-10-09D_015__W001,tighter_tol,gas_CO2,3,-0.08511332418127583,-52.621066211005356,False,False,completed,a2955d2a2f6e850b88d8b206f465d810e1ad86ab
R52-C-75,R52-C-75__P3__huayi_sy3sy2_phase3_wgs1__plateau_2022-10-09D_015__W001,tighter_tol,gas_H2S,4,0.006887965415508027,4.258464672541824,False,False,completed,a2955d2a2f6e850b88d8b206f465d810e1ad86ab
R52-C-75,R52-C-75__P3__huayi_sy3sy2_phase3_wgs1__plateau_2022-10-09D_015__W001,tighter_tol,gas_H2,5,0.10067910346105693,62.244564176644076,True,False,completed,a2955d2a2f6e850b88d8b206f465d810e1ad86ab
R52-C-75,R52-C-75__P3__huayi_sy3sy2_phase3_wgs1__plateau_2022-10-09D_015__W001,tighter_tol,gas_N2,6,5.89161868160988e-05,0.00034072306955401643,False,False,completed,a2955d2a2f6e850b88d8b206f465d810e1ad86ab
R52-C-75,R52-C-75__P3__huayi_sy3sy2_phase3_wgs1__plateau_2022-10-09D_015__W001,tighter_tol,gas_H2O,7,0.006701993411674945,4.143488019694246,False,False,completed,a2955d2a2f6e850b88d8b206f465d810e1ad86ab
R52-C-75,R52-C-75__P3__huayi_sy3sy2_phase3_wgs1__plateau_2022-10-09D_015__W001,tighter_tol,solid_mass,8,0.0007734982073486185,0.013330854496448552,False,False,completed,a2955d2a2f6e850b88d8b206f465d810e1ad86ab
R52-C-75,R52-C-75__P3__huayi_sy3sy2_phase3_wgs1__plateau_2022-10-09D_015__W001,tighter_tol,carbon_fraction,9,1.8808533920828722e-11,1.6158629989604378e-11,False,False,completed,a2955d2a2f6e850b88d8b206f465d810e1ad86ab
R52-C-75,R52-C-75__P3__huayi_sy3sy2_phase3_wgs1__plateau_2022-10-09D_015__W001,tighter_tol,energy,10,-0.0007019521421646076,-3037.8591546714306,False,True,completed,a2955d2a2f6e850b88d8b206f465d810e1ad86ab
R52-C-75,R52-C-75__P4__huayi_sy3sy2_phase4_wgs1__plateau_2022-10-10N_006__W001,reference,gas_O2,0,0.008458177015710822,5.235088944295936,False,False,completed,a2955d2a2f6e850b88d8b206f465d810e1ad86ab
R52-C-75,R52-C-75__P4__huayi_sy3sy2_phase4_wgs1__plateau_2022-10-10N_006__W001,reference,gas_CH4,1,0.007948243825455469,4.919471808159301,False,False,completed,a2955d2a2f6e850b88d8b206f465d810e1ad86ab
R52-C-75,R52-C-75__P4__huayi_sy3sy2_phase4_wgs1__plateau_2022-10-10N_006__W001,reference,gas_CO,2,0.013925793595833865,8.61920576486898,False,False,completed,a2955d2a2f6e850b88d8b206f465d810e1ad86ab
R52-C-75,R52-C-75__P4__huayi_sy3sy2_phase4_wgs1__plateau_2022-10-10N_006__W001,reference,gas_CO2,3,-0.10810456233847972,-66.91004433637582,False,False,completed,a2955d2a2f6e850b88d8b206f465d810e1ad86ab
R52-C-75,R52-C-75__P4__huayi_sy3sy2_phase4_wgs1__plateau_2022-10-10N_006__W001,reference,gas_H2S,4,0.008635621930346867,5.344916382183227,False,False,completed,a2955d2a2f6e850b88d8b206f465d810e1ad86ab
R52-C-75,R52-C-75__P4__huayi_sy3sy2_phase4_wgs1__plateau_2022-10-10N_006__W001,reference,gas_H2,5,0.12548348179884522,77.66652164369344,True,False,completed,a2955d2a2f6e850b88d8b206f465d810e1ad86ab
R52-C-75,R52-C-75__P4__huayi_sy3sy2_phase4_wgs1__plateau_2022-10-10N_006__W001,reference,gas_N2,6,7.94145284654112e-05,0.0004863292698233934,False,False,completed,a2955d2a2f6e850b88d8b206f465d810e1ad86ab
R52-C-75,R52-C-75__P4__huayi_sy3sy2_phase4_wgs1__plateau_2022-10-10N_006__W001,reference,gas_H2O,7,0.003353972305885855,2.075901616317992,False,False,completed,a2955d2a2f6e850b88d8b206f465d810e1ad86ab
R52-C-75,R52-C-75__P4__huayi_sy3sy2_phase4_wgs1__plateau_2022-10-10N_006__W001,reference,solid_mass,8,-0.0014445053776938697,-0.02848327864913358,False,False,completed,a2955d2a2f6e850b88d8b206f465d810e1ad86ab
R52-C-75,R52-C-75__P4__huayi_sy3sy2_phase4_wgs1__plateau_2022-10-10N_006__W001,reference,carbon_fraction,9,-1.5162559338734743e-12,-1.3216094885137863e-12,False,False,completed,a2955d2a2f6e850b88d8b206f465d810e1ad86ab
R52-C-75,R52-C-75__P4__huayi_sy3sy2_phase4_wgs1__plateau_2022-10-10N_006__W001,reference,energy,10,-0.0009307015612729084,-4032.3273104429245,False,True,completed,a2955d2a2f6e850b88d8b206f465d810e1ad86ab
R52-C-75,R52-C-75__P4__huayi_sy3sy2_phase4_wgs1__plateau_2022-10-10N_006__W001,refined_first_cv,gas_O2,0,0.0220221526788334,13.630351765447072,False,False,completed,a2955d2a2f6e850b88d8b206f465d810e1ad86ab
R52-C-75,R52-C-75__P4__huayi_sy3sy2_phase4_wgs1__plateau_2022-10-10N_006__W001,refined_first_cv,gas_CH4,1,0.014161267538072293,8.764949585244507,False,False,completed,a2955d2a2f6e850b88d8b206f465d810e1ad86ab
R52-C-75,R52-C-75__P4__huayi_sy3sy2_phase4_wgs1__plateau_2022-10-10N_006__W001,refined_first_cv,gas_CO,2,0.012697711291716936,7.859098701488051,False,False,completed,a2955d2a2f6e850b88d8b206f465d810e1ad86ab
R52-C-75,R52-C-75__P4__huayi_sy3sy2_phase4_wgs1__plateau_2022-10-10N_006__W001,refined_first_cv,gas_CO2,3,-0.13273499321236773,-82.15475913977015,False,False,completed,a2955d2a2f6e850b88d8b206f465d810e1ad86ab
R52-C-75,R52-C-75__P4__huayi_sy3sy2_phase4_wgs1__plateau_2022-10-10N_006__W001,refined_first_cv,gas_H2S,4,0.013670445488485972,8.461161064309882,False,False,completed,a2955d2a2f6e850b88d8b206f465d810e1ad86ab
R52-C-75,R52-C-75__P4__huayi_sy3sy2_phase4_wgs1__plateau_2022-10-10N_006__W001,refined_first_cv,gas_H2,5,0.14433656628820254,89.33541601570573,True,False,completed,a2955d2a2f6e850b88d8b206f465d810e1ad86ab
R52-C-75,R52-C-75__P4__huayi_sy3sy2_phase4_wgs1__plateau_2022-10-10N_006__W001,refined_first_cv,gas_N2,6,0.00012037694807586541,0.0007371803924618447,False,False,completed,a2955d2a2f6e850b88d8b206f465d810e1ad86ab
R52-C-75,R52-C-75__P4__huayi_sy3sy2_phase4_wgs1__plateau_2022-10-10N_006__W001,refined_first_cv,gas_H2O,7,-0.002830180288977921,-1.7517067228164933,False,False,completed,a2955d2a2f6e850b88d8b206f465d810e1ad86ab
R52-C-75,R52-C-75__P4__huayi_sy3sy2_phase4_wgs1__plateau_2022-10-10N_006__W001,refined_first_cv,solid_mass,8,-6.304916338914436e-05,-0.0012432261707981953,False,False,completed,a2955d2a2f6e850b88d8b206f465d810e1ad86ab
R52-C-75,R52-C-75__P4__huayi_sy3sy2_phase4_wgs1__plateau_2022-10-10N_006__W001,refined_first_cv,carbon_fraction,9,1.0884400332055187e-06,9.48713632986653e-07,False,False,completed,a2955d2a2f6e850b88d8b206f465d810e1ad86ab
R52-C-75,R52-C-75__P4__huayi_sy3sy2_phase4_wgs1__plateau_2022-10-10N_006__W001,refined_first_cv,energy,10,-0.001270525225156119,-5504.6362627744675,False,True,completed,a2955d2a2f6e850b88d8b206f465d810e1ad86ab
R52-C-75,R52-C-75__P4__huayi_sy3sy2_phase4_wgs1__plateau_2022-10-10N_006__W001,alt_cell0_init,gas_O2,0,0.00845813512256746,5.235063015028761,False,False,completed,a2955d2a2f6e850b88d8b206f465d810e1ad86ab
R52-C-75,R52-C-75__P4__huayi_sy3sy2_phase4_wgs1__plateau_2022-10-10N_006__W001,alt_cell0_init,gas_CH4,1,0.007948209490180214,4.919450556745486,False,False,completed,a2955d2a2f6e850b88d8b206f465d810e1ad86ab
R52-C-75,R52-C-75__P4__huayi_sy3sy2_phase4_wgs1__plateau_2022-10-10N_006__W001,alt_cell0_init,gas_CO,2,0.013925796219248164,8.61920738860033,False,False,completed,a2955d2a2f6e850b88d8b206f465d810e1ad86ab
R52-C-75,R52-C-75__P4__huayi_sy3sy2_phase4_wgs1__plateau_2022-10-10N_006__W001,alt_cell0_init,gas_CO2,3,-0.10810456538972053,-66.91004622490534,False,False,completed,a2955d2a2f6e850b88d8b206f465d810e1ad86ab
R52-C-75,R52-C-75__P4__huayi_sy3sy2_phase4_wgs1__plateau_2022-10-10N_006__W001,alt_cell0_init,gas_H2S,4,0.008635501532223165,5.344841863184023,False,False,completed,a2955d2a2f6e850b88d8b206f465d810e1ad86ab
R52-C-75,R52-C-75__P4__huayi_sy3sy2_phase4_wgs1__plateau_2022-10-10N_006__W001,alt_cell0_init,gas_H2,5,0.12548349206560552,77.66652799818368,True,False,completed,a2955d2a2f6e850b88d8b206f465d810e1ad86ab
R52-C-75,R52-C-75__P4__huayi_sy3sy2_phase4_wgs1__plateau_2022-10-10N_006__W001,alt_cell0_init,gas_N2,6,7.941448717771745e-05,0.00048632901698031367,False,False,completed,a2955d2a2f6e850b88d8b206f465d810e1ad86ab
R52-C-75,R52-C-75__P4__huayi_sy3sy2_phase4_wgs1__plateau_2022-10-10N_006__W001,alt_cell0_init,gas_H2O,7,0.003353976504384469,2.07590421492921,False,False,completed,a2955d2a2f6e850b88d8b206f465d810e1ad86ab
R52-C-75,R52-C-75__P4__huayi_sy3sy2_phase4_wgs1__plateau_2022-10-10N_006__W001,alt_cell0_init,solid_mass,8,-0.0014445041801896743,-0.028483255036313437,False,False,completed,a2955d2a2f6e850b88d8b206f465d810e1ad86ab
R52-C-75,R52-C-75__P4__huayi_sy3sy2_phase4_wgs1__plateau_2022-10-10N_006__W001,alt_cell0_init,carbon_fraction,9,-9.975904296116475e-13,-8.695266728864226e-13,False,False,completed,a2955d2a2f6e850b88d8b206f465d810e1ad86ab
R52-C-75,R52-C-75__P4__huayi_sy3sy2_phase4_wgs1__plateau_2022-10-10N_006__W001,alt_cell0_init,energy,10,-0.0009307014592277687,-4032.326868325472,False,True,completed,a2955d2a2f6e850b88d8b206f465d810e1ad86ab
R52-C-75,R52-C-75__P4__huayi_sy3sy2_phase4_wgs1__plateau_2022-10-10N_006__W001,tighter_tol,gas_O2,0,0.00845810134996492,5.235042111874589,False,False,completed,a2955d2a2f6e850b88d8b206f465d810e1ad86ab
R52-C-75,R52-C-75__P4__huayi_sy3sy2_phase4_wgs1__plateau_2022-10-10N_006__W001,tighter_tol,gas_CH4,1,0.007948288893171737,4.91949970229095,False,False,completed,a2955d2a2f6e850b88d8b206f465d810e1ad86ab
R52-C-75,R52-C-75__P4__huayi_sy3sy2_phase4_wgs1__plateau_2022-10-10N_006__W001,tighter_tol,gas_CO,2,0.01392582105453865,8.619222760110574,False,False,completed,a2955d2a2f6e850b88d8b206f465d810e1ad86ab
R52-C-75,R52-C-75__P4__huayi_sy3sy2_phase4_wgs1__plateau_2022-10-10N_006__W001,tighter_tol,gas_CO2,3,-0.1081045216812941,-66.91001917209012,False,False,completed,a2955d2a2f6e850b88d8b206f465d810e1ad86ab
R52-C-75,R52-C-75__P4__huayi_sy3sy2_phase4_wgs1__plateau_2022-10-10N_006__W001,tighter_tol,gas_H2S,4,0.008635575715719308,5.344887778184357,False,False,completed,a2955d2a2f6e850b88d8b206f465d810e1ad86ab
R52-C-75,R52-C-75__P4__huayi_sy3sy2_phase4_wgs1__plateau_2022-10-10N_006__W001,tighter_tol,gas_H2,5,0.12548351806839164,77.66654409230159,True,False,completed,a2955d2a2f6e850b88d8b206f465d810e1ad86ab
R52-C-75,R52-C-75__P4__huayi_sy3sy2_phase4_wgs1__plateau_2022-10-10N_006__W001,tighter_tol,gas_N2,6,7.941512930493866e-05,0.00048633294932454163,False,False,completed,a2955d2a2f6e850b88d8b206f465d810e1ad86ab
R52-C-75,R52-C-75__P4__huayi_sy3sy2_phase4_wgs1__plateau_2022-10-10N_006__W001,tighter_tol,gas_H2O,7,0.0033540214052711933,2.075932005803679,False,False,completed,a2955d2a2f6e850b88d8b206f465d810e1ad86ab
R52-C-75,R52-C-75__P4__huayi_sy3sy2_phase4_wgs1__plateau_2022-10-10N_006__W001,tighter_tol,solid_mass,8,-0.0014444917463523757,-0.028483009861419717,False,False,completed,a2955d2a2f6e850b88d8b206f465d810e1ad86ab
R52-C-75,R52-C-75__P4__huayi_sy3sy2_phase4_wgs1__plateau_2022-10-10N_006__W001,tighter_tol,carbon_fraction,9,2.1157272819230476e-11,1.84412485282337e-11,False,False,completed,a2955d2a2f6e850b88d8b206f465d810e1ad86ab
R52-C-75,R52-C-75__P4__huayi_sy3sy2_phase4_wgs1__plateau_2022-10-10N_006__W001,tighter_tol,energy,10,-0.0009306988099818616,-4032.31539028883,False,True,completed,a2955d2a2f6e850b88d8b206f465d810e1ad86ab
R52-C-75,R52-C-75__P4__huayi_sy3sy2_phase4_wgs1__shift_evening_handover_2022-10-11__W001,reference,gas_O2,0,0.008905721621352065,5.580692678968208,False,False,completed,a2955d2a2f6e850b88d8b206f465d810e1ad86ab
R52-C-75,R52-C-75__P4__huayi_sy3sy2_phase4_wgs1__shift_evening_handover_2022-10-11__W001,reference,gas_CH4,1,0.008260346187369485,5.176273799427067,False,False,completed,a2955d2a2f6e850b88d8b206f465d810e1ad86ab
R52-C-75,R52-C-75__P4__huayi_sy3sy2_phase4_wgs1__shift_evening_handover_2022-10-11__W001,reference,gas_CO,2,0.015304305509440074,9.590309392610266,False,False,completed,a2955d2a2f6e850b88d8b206f465d810e1ad86ab
R52-C-75,R52-C-75__P4__huayi_sy3sy2_phase4_wgs1__shift_evening_handover_2022-10-11__W001,reference,gas_CO2,3,-0.11561116359449658,-72.44672601621812,False,False,completed,a2955d2a2f6e850b88d8b206f465d810e1ad86ab
R52-C-75,R52-C-75__P4__huayi_sy3sy2_phase4_wgs1__shift_evening_handover_2022-10-11__W001,reference,gas_H2S,4,0.009062876135880039,5.679172183042344,False,False,completed,a2955d2a2f6e850b88d8b206f465d810e1ad86ab
R52-C-75,R52-C-75__P4__huayi_sy3sy2_phase4_wgs1__shift_evening_handover_2022-10-11__W001,reference,gas_H2,5,0.133580226463013,83.70688233615311,True,False,completed,a2955d2a2f6e850b88d8b206f465d810e1ad86ab
R52-C-75,R52-C-75__P4__huayi_sy3sy2_phase4_wgs1__shift_evening_handover_2022-10-11__W001,reference,gas_N2,6,8.664056591627638e-05,0.0005566235832805688,False,False,completed,a2955d2a2f6e850b88d8b206f465d810e1ad86ab
R52-C-75,R52-C-75__P4__huayi_sy3sy2_phase4_wgs1__shift_evening_handover_2022-10-11__W001,reference,gas_H2O,7,0.002555945829472546,1.6016611325665053,False,False,completed,a2955d2a2f6e850b88d8b206f465d810e1ad86ab
R52-C-75,R52-C-75__P4__huayi_sy3sy2_phase4_wgs1__shift_evening_handover_2022-10-11__W001,reference,solid_mass,8,-0.0016658966470164882,-0.03446106898494783,False,False,completed,a2955d2a2f6e850b88d8b206f465d810e1ad86ab
R52-C-75,R52-C-75__P4__huayi_sy3sy2_phase4_wgs1__shift_evening_handover_2022-10-11__W001,reference,carbon_fraction,9,-1.7037499472019148e-12,-1.4850343177386094e-12,False,False,completed,a2955d2a2f6e850b88d8b206f465d810e1ad86ab
R52-C-75,R52-C-75__P4__huayi_sy3sy2_phase4_wgs1__shift_evening_handover_2022-10-11__W001,reference,energy,10,-0.0009874491721605177,-4331.434801310301,False,True,completed,a2955d2a2f6e850b88d8b206f465d810e1ad86ab
R52-C-75,R52-C-75__P4__huayi_sy3sy2_phase4_wgs1__shift_evening_handover_2022-10-11__W001,refined_first_cv,gas_O2,0,0.018446547863843456,11.559368122305937,False,False,completed,a2955d2a2f6e850b88d8b206f465d810e1ad86ab
R52-C-75,R52-C-75__P4__huayi_sy3sy2_phase4_wgs1__shift_evening_handover_2022-10-11__W001,refined_first_cv,gas_CH4,1,0.015006611798423362,9.403762228407123,False,False,completed,a2955d2a2f6e850b88d8b206f465d810e1ad86ab
R52-C-75,R52-C-75__P4__huayi_sy3sy2_phase4_wgs1__shift_evening_handover_2022-10-11__W001,refined_first_cv,gas_CO,2,0.013926591238489076,8.726976776511833,False,False,completed,a2955d2a2f6e850b88d8b206f465d810e1ad86ab
R52-C-75,R52-C-75__P4__huayi_sy3sy2_phase4_wgs1__shift_evening_handover_2022-10-11__W001,refined_first_cv,gas_CO2,3,-0.14052287610854927,-88.05743310528923,False,False,completed,a2955d2a2f6e850b88d8b206f465d810e1ad86ab
R52-C-75,R52-C-75__P4__huayi_sy3sy2_phase4_wgs1__shift_evening_handover_2022-10-11__W001,refined_first_cv,gas_H2S,4,0.014577914297749222,9.135122683491623,False,False,completed,a2955d2a2f6e850b88d8b206f465d810e1ad86ab
R52-C-75,R52-C-75__P4__huayi_sy3sy2_phase4_wgs1__shift_evening_handover_2022-10-11__W001,refined_first_cv,gas_H2,5,0.1523644496310293,95.477851738848,True,False,completed,a2955d2a2f6e850b88d8b206f465d810e1ad86ab
R52-C-75,R52-C-75__P4__huayi_sy3sy2_phase4_wgs1__shift_evening_handover_2022-10-11__W001,refined_first_cv,gas_N2,6,0.00013341166653022527,0.0008571052034360703,False,False,completed,a2955d2a2f6e850b88d8b206f465d810e1ad86ab
R52-C-75,R52-C-75__P4__huayi_sy3sy2_phase4_wgs1__shift_evening_handover_2022-10-11__W001,refined_first_cv,gas_H2O,7,-0.003940972947177607,-2.469576280219144,False,False,completed,a2955d2a2f6e850b88d8b206f465d810e1ad86ab
R52-C-75,R52-C-75__P4__huayi_sy3sy2_phase4_wgs1__shift_evening_handover_2022-10-11__W001,refined_first_cv,solid_mass,8,-0.000658057704468879,-0.013612712403492822,False,False,completed,a2955d2a2f6e850b88d8b206f465d810e1ad86ab
R52-C-75,R52-C-75__P4__huayi_sy3sy2_phase4_wgs1__shift_evening_handover_2022-10-11__W001,refined_first_cv,carbon_fraction,9,-4.96805190031967e-08,-4.3302877728024214e-08,False,False,completed,a2955d2a2f6e850b88d8b206f465d810e1ad86ab
R52-C-75,R52-C-75__P4__huayi_sy3sy2_phase4_wgs1__shift_evening_handover_2022-10-11__W001,refined_first_cv,energy,10,-0.0013413041027037422,-5883.615514993668,False,True,completed,a2955d2a2f6e850b88d8b206f465d810e1ad86ab
R52-C-75,R52-C-75__P4__huayi_sy3sy2_phase4_wgs1__shift_evening_handover_2022-10-11__W001,alt_cell0_init,gas_O2,0,0.008905653134269447,5.5806497621359945,False,False,completed,a2955d2a2f6e850b88d8b206f465d810e1ad86ab
R52-C-75,R52-C-75__P4__huayi_sy3sy2_phase4_wgs1__shift_evening_handover_2022-10-11__W001,alt_cell0_init,gas_CH4,1,0.00826039751182874,5.176305961451235,False,False,completed,a2955d2a2f6e850b88d8b206f465d810e1ad86ab
R52-C-75,R52-C-75__P4__huayi_sy3sy2_phase4_wgs1__shift_evening_handover_2022-10-11__W001,alt_cell0_init,gas_CO,2,0.015304355399369083,9.590340655698583,False,False,completed,a2955d2a2f6e850b88d8b206f465d810e1ad86ab
R52-C-75,R52-C-75__P4__huayi_sy3sy2_phase4_wgs1__shift_evening_handover_2022-10-11__W001,alt_cell0_init,gas_CO2,3,-0.11561108382936333,-72.44667603209398,False,False,completed,a2955d2a2f6e850b88d8b206f465d810e1ad86ab
R52-C-75,R52-C-75__P4__huayi_sy3sy2_phase4_wgs1__shift_evening_handover_2022-10-11__W001,alt_cell0_init,gas_H2S,4,0.009062839501466772,5.679149226407205,False,False,completed,a2955d2a2f6e850b88d8b206f465d810e1ad86ab
R52-C-75,R52-C-75__P4__huayi_sy3sy2_phase4_wgs1__shift_evening_handover_2022-10-11__W001,alt_cell0_init,gas_H2,5,0.1335802921259546,83.706923483262,True,False,completed,a2955d2a2f6e850b88d8b206f465d810e1ad86ab
R52-C-75,R52-C-75__P4__huayi_sy3sy2_phase4_wgs1__shift_evening_handover_2022-10-11__W001,alt_cell0_init,gas_N2,6,8.663984925366087e-05,0.0005566189790711107,False,False,completed,a2955d2a2f6e850b88d8b206f465d810e1ad86ab
R52-C-75,R52-C-75__P4__huayi_sy3sy2_phase4_wgs1__shift_evening_handover_2022-10-11__W001,alt_cell0_init,gas_H2O,7,0.0025560416988396283,1.6017212082681451,False,False,completed,a2955d2a2f6e850b88d8b206f465d810e1ad86ab
R52-C-75,R52-C-75__P4__huayi_sy3sy2_phase4_wgs1__shift_evening_handover_2022-10-11__W001,alt_cell0_init,solid_mass,8,-0.001665874614142315,-0.03446061320853566,False,False,completed,a2955d2a2f6e850b88d8b206f465d810e1ad86ab
R52-C-75,R52-C-75__P4__huayi_sy3sy2_phase4_wgs1__shift_evening_handover_2022-10-11__W001,alt_cell0_init,carbon_fraction,9,-4.075956811487834e-15,-3.5527136788005005e-15,False,False,completed,a2955d2a2f6e850b88d8b206f465d810e1ad86ab
R52-C-75,R52-C-75__P4__huayi_sy3sy2_phase4_wgs1__shift_evening_handover_2022-10-11__W001,alt_cell0_init,energy,10,-0.0009874457548483193,-4331.419811308384,False,True,completed,a2955d2a2f6e850b88d8b206f465d810e1ad86ab
R52-C-75,R52-C-75__P4__huayi_sy3sy2_phase4_wgs1__shift_evening_handover_2022-10-11__W001,tighter_tol,gas_O2,0,0.008905606019891875,5.580620238322745,False,False,completed,a2955d2a2f6e850b88d8b206f465d810e1ad86ab
R52-C-75,R52-C-75__P4__huayi_sy3sy2_phase4_wgs1__shift_evening_handover_2022-10-11__W001,tighter_tol,gas_CH4,1,0.008260403813378003,5.176309910262049,False,False,completed,a2955d2a2f6e850b88d8b206f465d810e1ad86ab
R52-C-75,R52-C-75__P4__huayi_sy3sy2_phase4_wgs1__shift_evening_handover_2022-10-11__W001,tighter_tol,gas_CO,2,0.015304336739436276,9.590328962614649,False,False,completed,a2955d2a2f6e850b88d8b206f465d810e1ad86ab
R52-C-75,R52-C-75__P4__huayi_sy3sy2_phase4_wgs1__shift_evening_handover_2022-10-11__W001,tighter_tol,gas_CO2,3,-0.11561111672546026,-72.44669664614582,False,False,completed,a2955d2a2f6e850b88d8b206f465d810e1ad86ab
R52-C-75,R52-C-75__P4__huayi_sy3sy2_phase4_wgs1__shift_evening_handover_2022-10-11__W001,tighter_tol,gas_H2S,4,0.009062837726309485,5.679148114020394,False,False,completed,a2955d2a2f6e850b88d8b206f465d810e1ad86ab
R52-C-75,R52-C-75__P4__huayi_sy3sy2_phase4_wgs1__shift_evening_handover_2022-10-11__W001,tighter_tol,gas_H2,5,0.13358026928065325,83.70690916745343,True,False,completed,a2955d2a2f6e850b88d8b206f465d810e1ad86ab
R52-C-75,R52-C-75__P4__huayi_sy3sy2_phase4_wgs1__shift_evening_handover_2022-10-11__W001,tighter_tol,gas_N2,6,8.664020916659864e-05,0.000556621291337045,False,False,completed,a2955d2a2f6e850b88d8b206f465d810e1ad86ab
R52-C-75,R52-C-75__P4__huayi_sy3sy2_phase4_wgs1__shift_evening_handover_2022-10-11__W001,tighter_tol,gas_H2O,7,0.002556004004147285,1.601697587218382,False,False,completed,a2955d2a2f6e850b88d8b206f465d810e1ad86ab
R52-C-75,R52-C-75__P4__huayi_sy3sy2_phase4_wgs1__shift_evening_handover_2022-10-11__W001,tighter_tol,solid_mass,8,-0.001665882269865101,-0.03446077157633809,False,False,completed,a2955d2a2f6e850b88d8b206f465d810e1ad86ab
R52-C-75,R52-C-75__P4__huayi_sy3sy2_phase4_wgs1__shift_evening_handover_2022-10-11__W001,tighter_tol,carbon_fraction,9,-2.0379784057439173e-14,-1.7763568394002505e-14,False,False,completed,a2955d2a2f6e850b88d8b206f465d810e1ad86ab
R52-C-75,R52-C-75__P4__huayi_sy3sy2_phase4_wgs1__shift_evening_handover_2022-10-11__W001,tighter_tol,energy,10,-0.0009874470571584202,-4331.425523877144,False,True,completed,a2955d2a2f6e850b88d8b206f465d810e1ad86ab
R52-C-75,R52-C-75__P4__huayi_sy3sy2_phase4_wgs1__plateau_2022-10-11N_009__W002,reference,gas_O2,0,0.008661830542350698,5.433572929290256,False,False,completed,a2955d2a2f6e850b88d8b206f465d810e1ad86ab
R52-C-75,R52-C-75__P4__huayi_sy3sy2_phase4_wgs1__plateau_2022-10-11N_009__W002,reference,gas_CH4,1,0.00809175593570072,5.075964692183313,False,False,completed,a2955d2a2f6e850b88d8b206f465d810e1ad86ab
R52-C-75,R52-C-75__P4__huayi_sy3sy2_phase4_wgs1__plateau_2022-10-11N_009__W002,reference,gas_CO,2,0.01454051583188045,9.121276711167411,False,False,completed,a2955d2a2f6e850b88d8b206f465d810e1ad86ab
R52-C-75,R52-C-75__P4__huayi_sy3sy2_phase4_wgs1__plateau_2022-10-11N_009__W002,reference,gas_CO2,3,-0.11148863914607328,-69.9369086737078,False,False,completed,a2955d2a2f6e850b88d8b206f465d810e1ad86ab
R52-C-75,R52-C-75__P4__huayi_sy3sy2_phase4_wgs1__plateau_2022-10-11N_009__W002,reference,gas_H2S,4,0.008830430248650507,5.539335654104348,False,False,completed,a2955d2a2f6e850b88d8b206f465d810e1ad86ab
R52-C-75,R52-C-75__P4__huayi_sy3sy2_phase4_wgs1__plateau_2022-10-11N_009__W002,reference,gas_H2,5,0.12913358717751858,81.00559807990524,True,False,completed,a2955d2a2f6e850b88d8b206f465d810e1ad86ab
R52-C-75,R52-C-75__P4__huayi_sy3sy2_phase4_wgs1__plateau_2022-10-11N_009__W002,reference,gas_N2,6,8.26586735474409e-05,0.0005214360288352538,False,False,completed,a2955d2a2f6e850b88d8b206f465d810e1ad86ab
R52-C-75,R52-C-75__P4__huayi_sy3sy2_phase4_wgs1__plateau_2022-10-11N_009__W002,reference,gas_H2O,7,0.002999997571945509,1.8819007731864303,False,False,completed,a2955d2a2f6e850b88d8b206f465d810e1ad86ab
R52-C-75,R52-C-75__P4__huayi_sy3sy2_phase4_wgs1__plateau_2022-10-11N_009__W002,reference,solid_mass,8,-0.0015424176221725402,-0.03132960727844747,False,False,completed,a2955d2a2f6e850b88d8b206f465d810e1ad86ab
R52-C-75,R52-C-75__P4__huayi_sy3sy2_phase4_wgs1__plateau_2022-10-11N_009__W002,reference,carbon_fraction,9,-3.7600701585975265e-12,-3.2773783686934617e-12,False,False,completed,a2955d2a2f6e850b88d8b206f465d810e1ad86ab
R52-C-75,R52-C-75__P4__huayi_sy3sy2_phase4_wgs1__plateau_2022-10-11N_009__W002,reference,energy,10,-0.0009564124445109795,-4199.707809597254,False,True,completed,a2955d2a2f6e850b88d8b206f465d810e1ad86ab
R52-C-75,R52-C-75__P4__huayi_sy3sy2_phase4_wgs1__plateau_2022-10-11N_009__W002,refined_first_cv,gas_O2,0,0.021594814133617832,13.54644343545849,False,False,completed,a2955d2a2f6e850b88d8b206f465d810e1ad86ab
R52-C-75,R52-C-75__P4__huayi_sy3sy2_phase4_wgs1__plateau_2022-10-11N_009__W002,refined_first_cv,gas_CH4,1,0.014731662133294958,9.24118293235492,False,False,completed,a2955d2a2f6e850b88d8b206f465d810e1ad86ab
R52-C-75,R52-C-75__P4__huayi_sy3sy2_phase4_wgs1__plateau_2022-10-11N_009__W002,refined_first_cv,gas_CO,2,0.013240579081710358,8.305825392767815,False,False,completed,a2955d2a2f6e850b88d8b206f465d810e1ad86ab
R52-C-75,R52-C-75__P4__huayi_sy3sy2_phase4_wgs1__plateau_2022-10-11N_009__W002,refined_first_cv,gas_CO2,3,-0.13604059533593021,-85.33836958454697,False,False,completed,a2955d2a2f6e850b88d8b206f465d810e1ad86ab
R52-C-75,R52-C-75__P4__huayi_sy3sy2_phase4_wgs1__plateau_2022-10-11N_009__W002,refined_first_cv,gas_H2S,4,0.01697565018225253,10.648838353094398,False,False,completed,a2955d2a2f6e850b88d8b206f465d810e1ad86ab
R52-C-75,R52-C-75__P4__huayi_sy3sy2_phase4_wgs1__plateau_2022-10-11N_009__W002,refined_first_cv,gas_H2,5,0.1476632178230699,92.62924956709898,True,False,completed,a2955d2a2f6e850b88d8b206f465d810e1ad86ab
R52-C-75,R52-C-75__P4__huayi_sy3sy2_phase4_wgs1__plateau_2022-10-11N_009__W002,refined_first_cv,gas_N2,6,0.0001280394556984995,0.0008077117917375531,False,False,completed,a2955d2a2f6e850b88d8b206f465d810e1ad86ab
R52-C-75,R52-C-75__P4__huayi_sy3sy2_phase4_wgs1__plateau_2022-10-11N_009__W002,refined_first_cv,gas_H2O,7,-0.003426508890373251,-2.14945164970311,False,False,completed,a2955d2a2f6e850b88d8b206f465d810e1ad86ab
R52-C-75,R52-C-75__P4__huayi_sy3sy2_phase4_wgs1__plateau_2022-10-11N_009__W002,refined_first_cv,solid_mass,8,-0.0005932361394904177,-0.012049820364110175,False,False,completed,a2955d2a2f6e850b88d8b206f465d810e1ad86ab
R52-C-75,R52-C-75__P4__huayi_sy3sy2_phase4_wgs1__plateau_2022-10-11N_009__W002,refined_first_cv,carbon_fraction,9,5.244831846721508e-07,4.571536624808914e-07,False,False,completed,a2955d2a2f6e850b88d8b206f465d810e1ad86ab
R52-C-75,R52-C-75__P4__huayi_sy3sy2_phase4_wgs1__plateau_2022-10-11N_009__W002,refined_first_cv,energy,10,-0.0013060644575184285,-5735.06663736701,False,True,completed,a2955d2a2f6e850b88d8b206f465d810e1ad86ab
R52-C-75,R52-C-75__P4__huayi_sy3sy2_phase4_wgs1__plateau_2022-10-11N_009__W002,alt_cell0_init,gas_O2,0,0.008661831107023277,5.433573283509798,False,False,completed,a2955d2a2f6e850b88d8b206f465d810e1ad86ab
R52-C-75,R52-C-75__P4__huayi_sy3sy2_phase4_wgs1__plateau_2022-10-11N_009__W002,alt_cell0_init,gas_CH4,1,0.008091763538755863,5.075969461585624,False,False,completed,a2955d2a2f6e850b88d8b206f465d810e1ad86ab
R52-C-75,R52-C-75__P4__huayi_sy3sy2_phase4_wgs1__plateau_2022-10-11N_009__W002,alt_cell0_init,gas_CO,2,0.014540591429968282,9.121324133905773,False,False,completed,a2955d2a2f6e850b88d8b206f465d810e1ad86ab
R52-C-75,R52-C-75__P4__huayi_sy3sy2_phase4_wgs1__plateau_2022-10-11N_009__W002,alt_cell0_init,gas_CO2,3,-0.11148852000228343,-69.93683393471724,False,False,completed,a2955d2a2f6e850b88d8b206f465d810e1ad86ab
R52-C-75,R52-C-75__P4__huayi_sy3sy2_phase4_wgs1__plateau_2022-10-11N_009__W002,alt_cell0_init,gas_H2S,4,0.008830419042953029,5.539328624761743,False,False,completed,a2955d2a2f6e850b88d8b206f465d810e1ad86ab
R52-C-75,R52-C-75__P4__huayi_sy3sy2_phase4_wgs1__plateau_2022-10-11N_009__W002,alt_cell0_init,gas_H2,5,0.1291336790973147,81.00565574126372,True,False,completed,a2955d2a2f6e850b88d8b206f465d810e1ad86ab
R52-C-75,R52-C-75__P4__huayi_sy3sy2_phase4_wgs1__plateau_2022-10-11N_009__W002,alt_cell0_init,gas_N2,6,8.265735861813662e-05,0.0005214277338616569,False,False,completed,a2955d2a2f6e850b88d8b206f465d810e1ad86ab
R52-C-75,R52-C-75__P4__huayi_sy3sy2_phase4_wgs1__plateau_2022-10-11N_009__W002,alt_cell0_init,gas_H2O,7,0.0030001322896979236,1.8819852817356377,False,False,completed,a2955d2a2f6e850b88d8b206f465d810e1ad86ab
R52-C-75,R52-C-75__P4__huayi_sy3sy2_phase4_wgs1__plateau_2022-10-11N_009__W002,alt_cell0_init,solid_mass,8,-0.0015423834353089905,-0.031328912874419856,False,False,completed,a2955d2a2f6e850b88d8b206f465d810e1ad86ab
R52-C-75,R52-C-75__P4__huayi_sy3sy2_phase4_wgs1__plateau_2022-10-11N_009__W002,alt_cell0_init,carbon_fraction,9,-2.527093223122457e-13,-2.2026824808563103e-13,False,False,completed,a2955d2a2f6e850b88d8b206f465d810e1ad86ab
R52-C-75,R52-C-75__P4__huayi_sy3sy2_phase4_wgs1__plateau_2022-10-11N_009__W002,alt_cell0_init,energy,10,-0.0009564074228077992,-4199.685758769512,False,True,completed,a2955d2a2f6e850b88d8b206f465d810e1ad86ab
R52-C-75,R52-C-75__P4__huayi_sy3sy2_phase4_wgs1__plateau_2022-10-11N_009__W002,tighter_tol,gas_O2,0,0.008661732261974085,5.433511277934779,False,False,completed,a2955d2a2f6e850b88d8b206f465d810e1ad86ab
R52-C-75,R52-C-75__P4__huayi_sy3sy2_phase4_wgs1__plateau_2022-10-11N_009__W002,tighter_tol,gas_CH4,1,0.008091734947913558,5.075951526528362,False,False,completed,a2955d2a2f6e850b88d8b206f465d810e1ad86ab
R52-C-75,R52-C-75__P4__huayi_sy3sy2_phase4_wgs1__plateau_2022-10-11N_009__W002,tighter_tol,gas_CO,2,0.014540573420276539,9.121312836412358,False,False,completed,a2955d2a2f6e850b88d8b206f465d810e1ad86ab
R52-C-75,R52-C-75__P4__huayi_sy3sy2_phase4_wgs1__plateau_2022-10-11N_009__W002,tighter_tol,gas_CO2,3,-0.1114885534877271,-69.93685494016168,False,False,completed,a2955d2a2f6e850b88d8b206f465d810e1ad86ab
R52-C-75,R52-C-75__P4__huayi_sy3sy2_phase4_wgs1__plateau_2022-10-11N_009__W002,tighter_tol,gas_H2S,4,0.008830388242793677,5.5393093037982055,False,False,completed,a2955d2a2f6e850b88d8b206f465d810e1ad86ab
R52-C-75,R52-C-75__P4__huayi_sy3sy2_phase4_wgs1__plateau_2022-10-11N_009__W002,tighter_tol,gas_H2,5,0.1291336633572746,81.00564586752452,True,False,completed,a2955d2a2f6e850b88d8b206f465d810e1ad86ab
R52-C-75,R52-C-75__P4__huayi_sy3sy2_phase4_wgs1__plateau_2022-10-11N_009__W002,tighter_tol,gas_N2,6,8.26564870105783e-05,0.0005214222354963383,False,False,completed,a2955d2a2f6e850b88d8b206f465d810e1ad86ab
R52-C-75,R52-C-75__P4__huayi_sy3sy2_phase4_wgs1__plateau_2022-10-11N_009__W002,tighter_tol,gas_H2O,7,0.003000101537397455,1.881965990794015,False,False,completed,a2955d2a2f6e850b88d8b206f465d810e1ad86ab
R52-C-75,R52-C-75__P4__huayi_sy3sy2_phase4_wgs1__plateau_2022-10-11N_009__W002,tighter_tol,solid_mass,8,-0.0015423911229616473,-0.03132906902612298,False,False,completed,a2955d2a2f6e850b88d8b206f465d810e1ad86ab
R52-C-75,R52-C-75__P4__huayi_sy3sy2_phase4_wgs1__plateau_2022-10-11N_009__W002,tighter_tol,carbon_fraction,9,-8.151913622975668e-15,-7.105427357601002e-15,False,False,completed,a2955d2a2f6e850b88d8b206f465d810e1ad86ab
R52-C-75,R52-C-75__P4__huayi_sy3sy2_phase4_wgs1__plateau_2022-10-11N_009__W002,tighter_tol,energy,10,-0.0009564086447008475,-4199.691124230623,False,True,completed,a2955d2a2f6e850b88d8b206f465d810e1ad86ab
